[
  {
    "_id": "68084666f2626005fab5a2d9",
    "nation_1": "67e06714d0c984f82323e43c",
    "nation_2": "67f2230c609d94b51461370a",
    "relation": "Friendly",
    "pact_type": "None"
  },
  {
    "_id": "680922fd26f494d1c9e0c203",
    "nation_1": "67f215f0d3754846a6be80c7",
    "nation_2": "67ef6f3c98867826cf796300",
    "relation": "Friendly",
    "pact_type": "None"
  },
  {
    "_id": "6809230e26f494d1c9e0c205",
    "nation_1": "67ef72db98867826cf79630c",
    "nation_2": "67f2118bdc0e88336011dfa9",
    "relation": "Friendly",
    "pact_type": "None"
  },
  {
    "_id": "6809236226f494d1c9e0c207",
    "nation_1": "67ef71c898867826cf796308",
    "nation_2": "67f2179f9ddc76f881f9e619",
    "relation": "Neutral",
    "pact_type": "None"
  },
  {
    "_id": "6809239926f494d1c9e0c20a",
    "nation_1": "67ef6df198867826cf7962fc",
    "nation_2": "67f218319ddc76f881f9e61d",
    "relation": "Unfriendly",
    "pact_type": "None"
  },
  {
    "_id": "680923a526f494d1c9e0c20c",
    "nation_1": "67ef6f3c98867826cf796300",
    "nation_2": "67f218319ddc76f881f9e61d",
    "relation": "Friendly",
    "pact_type": "Defensive Pact"
  },
  {
    "_id": "680923b426f494d1c9e0c20e",
    "nation_1": "67ef6eba98867826cf7962fe",
    "nation_2": "67f218659ddc76f881f9e61f",
    "relation": "Friendly",
    "pact_type": "None"
  },
  {
    "_id": "680923ce26f494d1c9e0c210",
    "nation_1": "67ef6d4698867826cf7962fa",
    "nation_2": "67f218e79ddc76f881f9e623",
    "relation": "Unfriendly",
    "pact_type": "None"
  },
  {
    "_id": "680923e326f494d1c9e0c212",
    "nation_1": "67ef6fbf98867826cf796302",
    "nation_2": "67f218e79ddc76f881f9e623",
    "relation": "Friendly",
    "pact_type": "Defensive Pact"
  },
  {
    "_id": "680923f826f494d1c9e0c214",
    "nation_1": "67ef6d4698867826cf7962fa",
    "nation_2": "67f219789ddc76f881f9e627",
    "relation": "Friendly",
    "pact_type": "None"
  },
  {
    "_id": "6809241726f494d1c9e0c216",
    "nation_1": "67ef6eba98867826cf7962fe",
    "nation_2": "67f219789ddc76f881f9e627",
    "relation": "Friendly",
    "pact_type": "None"
  },
  {
    "_id": "6809242626f494d1c9e0c218",
    "nation_1": "67ef725298867826cf79630a",
    "nation_2": "67f219789ddc76f881f9e627",
    "relation": "Unfriendly",
    "pact_type": "None"
  },
  {
    "_id": "6809243626f494d1c9e0c21a",
    "nation_1": "67ef77d898867826cf79631e",
    "nation_2": "67f219789ddc76f881f9e627",
    "relation": "Neutral",
    "pact_type": "None"
  },
  {
    "_id": "6809244326f494d1c9e0c21c",
    "nation_1": "67ef784498867826cf796320",
    "nation_2": "67f219789ddc76f881f9e627",
    "relation": "Unfriendly",
    "pact_type": "None"
  },
  {
    "_id": "6809245426f494d1c9e0c21e",
    "nation_1": "67ef703c98867826cf796304",
    "nation_2": "67f219bd9ddc76f881f9e629",
    "relation": "Friendly",
    "pact_type": "None"
  },
  {
    "_id": "6809247026f494d1c9e0c220",
    "nation_1": "67ef725298867826cf79630a",
    "nation_2": "67f21a3e9ddc76f881f9e62d",
    "relation": "Friendly",
    "pact_type": "None"
  },
  {
    "_id": "6809247d26f494d1c9e0c222",
    "nation_1": "67ef72db98867826cf79630c",
    "nation_2": "67f21a3e9ddc76f881f9e62d",
    "relation": "Friendly",
    "pact_type": "Military Alliance"
  },
  {
    "_id": "680924a926f494d1c9e0c224",
    "nation_1": "67ef725298867826cf79630a",
    "nation_2": "67f21c0b9ddc76f881f9e63b",
    "relation": "Friendly",
    "pact_type": "None"
  },
  {
    "_id": "680924b726f494d1c9e0c226",
    "nation_1": "67ef77d898867826cf79631e",
    "nation_2": "67f21c0b9ddc76f881f9e63b",
    "relation": "Friendly",
    "pact_type": "None"
  },
  {
    "_id": "680924d326f494d1c9e0c228",
    "nation_1": "67ef725298867826cf79630a",
    "nation_2": "67f21daf609d94b5146136da",
    "relation": "Friendly",
    "pact_type": "None"
  },
  {
    "_id": "680924dd26f494d1c9e0c22a",
    "nation_1": "67ef725298867826cf79630a",
    "nation_2": "67f21dd6609d94b5146136dc",
    "relation": "Friendly",
    "pact_type": "None"
  },
  {
    "_id": "680924f226f494d1c9e0c22c",
    "nation_1": "67ef725298867826cf79630a",
    "nation_2": "67f21e01609d94b5146136de",
    "relation": "Friendly",
    "pact_type": "None"
  },
  {
    "_id": "6809250226f494d1c9e0c22e",
    "nation_1": "67ef749f98867826cf796312",
    "nation_2": "67f21e22609d94b5146136e0",
    "relation": "Unfriendly",
    "pact_type": "None"
  },
  {
    "_id": "6809250c26f494d1c9e0c230",
    "nation_1": "67ef774c98867826cf79631c",
    "nation_2": "67f21e22609d94b5146136e0",
    "relation": "Unfriendly",
    "pact_type": "None"
  },
  {
    "_id": "6809255726f494d1c9e0c233",
    "nation_1": "67ef6d4698867826cf7962fa",
    "nation_2": "67f21e55609d94b5146136e2",
    "relation": "Friendly",
    "pact_type": "None"
  },
  {
    "_id": "6809256326f494d1c9e0c235",
    "nation_1": "67ef6df198867826cf7962fc",
    "nation_2": "67f21e91609d94b5146136e4",
    "relation": "Friendly",
    "pact_type": "None"
  },
  {
    "_id": "6809259826f494d1c9e0c237",
    "nation_1": "67ef6eba98867826cf7962fe",
    "nation_2": "67f21fcd609d94b5146136ee",
    "relation": "Friendly",
    "pact_type": "None"
  },
  {
    "_id": "680925a926f494d1c9e0c239",
    "nation_1": "67ef72db98867826cf79630c",
    "nation_2": "67f21fcd609d94b5146136ee",
    "relation": "Unfriendly",
    "pact_type": "None"
  },
  {
    "_id": "680925b726f494d1c9e0c23b",
    "nation_1": "67ef764198867826cf796318",
    "nation_2": "67f21fcd609d94b5146136ee",
    "relation": "Unfriendly",
    "pact_type": "None"
  },
  {
    "_id": "680925ca26f494d1c9e0c23d",
    "nation_1": "67ef774c98867826cf79631c",
    "nation_2": "67f21ff9609d94b5146136f0",
    "relation": "Friendly",
    "pact_type": "None"
  },
  {
    "_id": "680925dc26f494d1c9e0c23f",
    "nation_1": "67ef71c898867826cf796308",
    "nation_2": "67f22071609d94b5146136f4",
    "relation": "Neutral",
    "pact_type": "None"
  },
  {
    "_id": "680925f326f494d1c9e0c241",
    "nation_1": "67ef77d898867826cf79631e",
    "nation_2": "67f2212d609d94b5146136fa",
    "relation": "Friendly",
    "pact_type": "None"
  },
  {
    "_id": "6809260226f494d1c9e0c243",
    "nation_1": "67ef72db98867826cf79630c",
    "nation_2": "67f221a4609d94b5146136fe",
    "relation": "Allied",
    "pact_type": "None"
  },
  {
    "_id": "6809261026f494d1c9e0c245",
    "nation_1": "67ef77d898867826cf79631e",
    "nation_2": "67f2220b609d94b514613702",
    "relation": "Neutral",
    "pact_type": "None"
  },
  {
    "_id": "6809262726f494d1c9e0c247",
    "nation_1": "67ef6f3c98867826cf796300",
    "nation_2": "67f222df609d94b514613708",
    "relation": "Friendly",
    "pact_type": "None"
  },
  {
    "_id": "6809263c26f494d1c9e0c249",
    "nation_1": "67ef77d898867826cf79631e",
    "nation_2": "67f22413609d94b51461370e",
    "relation": "Unfriendly",
    "pact_type": "None"
  },
  {
    "_id": "6809264626f494d1c9e0c24b",
    "nation_1": "67ef784498867826cf796320",
    "nation_2": "67f22413609d94b51461370e",
    "relation": "Unfriendly",
    "pact_type": "None"
  },
  {
    "_id": "6809265e26f494d1c9e0c24d",
    "nation_1": "67ef751998867826cf796314",
    "nation_2": "67f224a4609d94b514613712",
    "relation": "Unfriendly",
    "pact_type": "None"
  },
  {
    "_id": "6809270ab6eab61db143849c",
    "nation_1": "67ef6d4698867826cf7962fa",
    "nation_2": "67ef6fbf98867826cf796302",
    "relation": "Neutral",
    "pact_type": "Non-Aggression Pact"
  },
  {
    "_id": "68092724b6eab61db143849e",
    "nation_1": "67ef6df198867826cf7962fc",
    "nation_2": "67f21b399ddc76f881f9e635",
    "relation": "Neutral",
    "pact_type": "Non-Aggression Pact"
  },
  {
    "_id": "6809274eb6eab61db14384a0",
    "nation_1": "67ef6df198867826cf7962fc",
    "nation_2": "67ef71c898867826cf796308",
    "relation": "Neutral",
    "pact_type": "Non-Aggression Pact"
  },
  {
    "_id": "6809276ab6eab61db14384a2",
    "nation_1": "67ef6eba98867826cf7962fe",
    "nation_2": "67ef6fbf98867826cf796302",
    "relation": "Neutral",
    "pact_type": "Non-Aggression Pact"
  },
  {
    "_id": "6809280cb6eab61db14384a5",
    "nation_1": "67ef703c98867826cf796304",
    "nation_2": "67f21ef3609d94b5146136e8",
    "relation": "Neutral",
    "pact_type": "Defensive Pact"
  },
  {
    "_id": "68092875b6eab61db14384a7",
    "nation_1": "67ef703c98867826cf796304",
    "nation_2": "67ef751998867826cf796314",
    "relation": "Friendly",
    "pact_type": "Military Alliance"
  },
  {
    "_id": "6809294db6eab61db14384aa",
    "nation_1": "67ef6f3c98867826cf796300",
    "nation_2": "67f22163609d94b5146136fc",
    "relation": "Neutral",
    "pact_type": "Military Alliance"
  },
  {
    "_id": "68092957b6eab61db14384ad",
    "nation_1": "67ef6f3c98867826cf796300",
    "nation_2": "67ef71c898867826cf796308",
    "relation": "Neutral",
    "pact_type": "Non-Aggression Pact"
  },
  {
    "_id": "68092a43b6eab61db14384b0",
    "nation_1": "67ef6fbf98867826cf796302",
    "nation_2": "67ef725298867826cf79630a",
    "relation": "Neutral",
    "pact_type": "Non-Aggression Pact"
  },
  {
    "_id": "68092a7db6eab61db14384b2",
    "nation_1": "67ef6fbf98867826cf796302",
    "nation_2": "67ef6d4698867826cf7962fa",
    "relation": "Neutral",
    "pact_type": "None"
  },
  {
    "_id": "68092af4b6eab61db14384b8",
    "nation_1": "67ef71c898867826cf796308",
    "nation_2": "67f22463609d94b514613710",
    "relation": "Neutral",
    "pact_type": "Non-Aggression Pact"
  },
  {
    "_id": "68092b21b6eab61db14384ba",
    "nation_1": "67ef73fc98867826cf796310",
    "nation_2": "67f21f7a609d94b5146136ec",
    "relation": "Neutral",
    "pact_type": "Non-Aggression Pact"
  },
  {
    "_id": "68092b37b6eab61db14384bc",
    "nation_1": "67ef749f98867826cf796312",
    "nation_2": "67f21ff9609d94b5146136f0",
    "relation": "Neutral",
    "pact_type": "Defensive Pact"
  },
  {
    "_id": "68092b4bb6eab61db14384be",
    "nation_1": "67ef75be98867826cf796316",
    "nation_2": "67f2118bdc0e88336011dfa9",
    "relation": "Neutral",
    "pact_type": "Non-Aggression Pact"
  },
  {
    "_id": "68092b7ab6eab61db14384c0",
    "nation_1": "67ef725298867826cf79630a",
    "nation_2": "67e06714d0c984f82323e43c",
    "relation": "Neutral",
    "pact_type": "Non-Aggression Pact"
  },
  {
    "_id": "68092b91b6eab61db14384c2",
    "nation_1": "67e06714d0c984f82323e43c",
    "nation_2": "67f2118bdc0e88336011dfa9",
    "relation": "Neutral",
    "pact_type": "Non-Aggression Pact"
  },
  {
    "_id": "68092ba1b6eab61db14384c4",
    "nation_1": "67e06714d0c984f82323e43c",
    "nation_2": "67f21a3e9ddc76f881f9e62d",
    "relation": "Neutral",
    "pact_type": "Defensive Pact"
  },
  {
    "_id": "68092bbdb6eab61db14384c6",
    "nation_1": "67ef764198867826cf796318",
    "nation_2": "67f2118bdc0e88336011dfa9",
    "relation": "Neutral",
    "pact_type": "Non-Aggression Pact"
  },
  {
    "_id": "68092bd1b6eab61db14384c8",
    "nation_1": "67ef764198867826cf796318",
    "nation_2": "67ef77d898867826cf79631e",
    "relation": "Neutral",
    "pact_type": "Non-Aggression Pact"
  },
  {
    "_id": "68092bdcb6eab61db14384ca",
    "nation_1": "67ef764198867826cf796318",
    "nation_2": "67ef784498867826cf796320",
    "relation": "Neutral",
    "pact_type": "Non-Aggression Pact"
  },
  {
    "_id": "68092c11b6eab61db14384cc",
    "nation_1": "67ef78be98867826cf796322",
    "nation_2": "67f2179f9ddc76f881f9e619",
    "relation": "Neutral",
    "pact_type": "Non-Aggression Pact"
  },
  {
    "_id": "68092c73b6eab61db14384ce",
    "nation_1": "67ef725298867826cf79630a",
    "nation_2": "67ef77d898867826cf79631e",
    "relation": "Neutral",
    "pact_type": "Non-Aggression Pact"
  },
  {
    "_id": "68092c97b6eab61db14384d0",
    "nation_1": "67ef77d898867826cf79631e",
    "nation_2": "67ef784498867826cf796320",
    "relation": "Neutral",
    "pact_type": "Defensive Pact"
  },
  {
    "_id": "68092cb7b6eab61db14384d2",
    "nation_1": "67f2171e9ddc76f881f9e616",
    "nation_2": "67f219bd9ddc76f881f9e629",
    "relation": "Neutral",
    "pact_type": "Non-Aggression Pact"
  },
  {
    "_id": "68092cc9b6eab61db14384d4",
    "nation_1": "67f218659ddc76f881f9e61f",
    "nation_2": "67f21e55609d94b5146136e2",
    "relation": "Neutral",
    "pact_type": "Non-Aggression Pact"
  },
  {
    "_id": "68092cdfb6eab61db14384d6",
    "nation_1": "67f218319ddc76f881f9e61d",
    "nation_2": "67f21e91609d94b5146136e4",
    "relation": "Neutral",
    "pact_type": "Military Alliance"
  },
  {
    "_id": "68092d83b6eab61db14384d9",
    "nation_1": "67f219389ddc76f881f9e625",
    "nation_2": "67f219789ddc76f881f9e627",
    "relation": "Neutral",
    "pact_type": "Non-Aggression Pact"
  },
  {
    "_id": "68092d92b6eab61db14384db",
    "nation_1": "67f219389ddc76f881f9e625",
    "nation_2": "67f2212d609d94b5146136fa",
    "relation": "Neutral",
    "pact_type": "Defensive Pact"
  },
  {
    "_id": "68092da2b6eab61db14384dd",
    "nation_1": "67f219789ddc76f881f9e627",
    "nation_2": "67f21b869ddc76f881f9e637",
    "relation": "Neutral",
    "pact_type": "Non-Aggression Pact"
  },
  {
    "_id": "68092db6b6eab61db14384df",
    "nation_1": "67f219bd9ddc76f881f9e629",
    "nation_2": "67f21c319ddc76f881f9e63d",
    "relation": "Neutral",
    "pact_type": "Defensive Pact"
  },
  {
    "_id": "68092dc5b6eab61db14384e1",
    "nation_1": "67f219bd9ddc76f881f9e629",
    "nation_2": "67f21f7a609d94b5146136ec",
    "relation": "Neutral",
    "pact_type": "Non-Aggression Pact"
  },
  {
    "_id": "68092decb6eab61db14384e4",
    "nation_1": "67f21a769ddc76f881f9e62f",
    "nation_2": "67f22413609d94b51461370e",
    "relation": "Neutral",
    "pact_type": "Non-Aggression Pact"
  },
  {
    "_id": "68092e00b6eab61db14384e6",
    "nation_1": "67f21a769ddc76f881f9e62f",
    "nation_2": "67f2212d609d94b5146136fa",
    "relation": "Neutral",
    "pact_type": "Non-Aggression Pact"
  },
  {
    "_id": "68092e22b6eab61db14384e8",
    "nation_1": "67f21b869ddc76f881f9e637",
    "nation_2": "67f21fcd609d94b5146136ee",
    "relation": "Neutral",
    "pact_type": "Military Alliance"
  },
  {
    "_id": "68092e4fb6eab61db14384ea",
    "nation_1": "67f21b869ddc76f881f9e637",
    "nation_2": "67f2212d609d94b5146136fa",
    "relation": "Neutral",
    "pact_type": "Non-Aggression Pact"
  },
  {
    "_id": "68092e92b6eab61db14384ed",
    "nation_1": "67f21c7b9ddc76f881f9e63f",
    "nation_2": "67f2238b609d94b51461370c",
    "relation": "Neutral",
    "pact_type": "Non-Aggression Pact"
  },
  {
    "_id": "68092eacb6eab61db14384f1",
    "nation_1": "67f21d75609d94b5146136d8",
    "nation_2": "67f21f39609d94b5146136ea",
    "relation": "Neutral",
    "pact_type": "Non-Aggression Pact"
  },
  {
    "_id": "68093029b6eab61db14384f4",
    "nation_1": "67f21e55609d94b5146136e2",
    "nation_2": "67f21fcd609d94b5146136ee",
    "relation": "Neutral",
    "pact_type": "Defensive Pact"
  },
  {
    "_id": "6809303eb6eab61db14384f6",
    "nation_1": "67f21e91609d94b5146136e4",
    "nation_2": "67f22163609d94b5146136fc",
    "relation": "Neutral",
    "pact_type": "Defensive Pact"
  },
  {
    "_id": "68093126b6eab61db14384f9",
    "nation_1": "67f21ff9609d94b5146136f0",
    "nation_2": "67f22029609d94b5146136f2",
    "relation": "Friendly",
    "pact_type": "Military Alliance"
  },
  {
    "_id": "68093171b6eab61db14384fb",
    "nation_1": "67f2212d609d94b5146136fa",
    "nation_2": "67ef784498867826cf796320",
    "relation": "Neutral",
    "pact_type": "Military Alliance"
  },
  {
    "_id": "6809319db6eab61db14384fd",
    "nation_1": "67f2212d609d94b5146136fa",
    "nation_2": "67f221a4609d94b5146136fe",
    "relation": "Neutral",
    "pact_type": "Non-Aggression Pact"
  },
  {
    "_id": "680931c0b6eab61db14384ff",
    "nation_1": "67f221a4609d94b5146136fe",
    "nation_2": "67f22413609d94b51461370e",
    "relation": "Neutral",
    "pact_type": "Defensive Pact"
  },
  {
    "_id": "680931dbb6eab61db1438501",
    "nation_1": "67f2220b609d94b514613702",
    "nation_2": "67f22413609d94b51461370e",
    "relation": "Neutral",
    "pact_type": "Non-Aggression Pact"
  },
  {
    "_id": "680931ffb6eab61db1438503",
    "nation_1": "67f22261609d94b514613704",
    "nation_2": "67f21b039ddc76f881f9e633",
    "relation": "Neutral",
    "pact_type": "Military Alliance"
  },
  {
    "_id": "6809329fb6eab61db1438507",
    "nation_1": "67ef749f98867826cf796312",
    "nation_2": "67f22029609d94b5146136f2",
    "relation": "Friendly",
    "pact_type": "None"
  },
  {
    "_id": "680932b5b6eab61db1438509",
    "nation_1": "67ef749f98867826cf796312",
    "nation_2": "6801ed9aa39a3e1b787aea4b",
    "relation": "Friendly",
    "pact_type": "None"
  },
  {
    "_id": "680932bfb6eab61db143850b",
    "nation_1": "67ef749f98867826cf796312",
    "nation_2": "6801ec52a39a3e1b787aea43",
    "relation": "Friendly",
    "pact_type": "None"
  },
  {
    "_id": "6809337eb6eab61db143850d",
    "nation_1": "67ef7e63e311e8b3699a1b1c",
    "nation_2": "6801ed5ea39a3e1b787aea49",
    "relation": "Friendly",
    "pact_type": "None"
  },
  {
    "_id": "6809338eb6eab61db143850f",
    "nation_1": "67ef7e63e311e8b3699a1b1c",
    "nation_2": "6801eb8ca39a3e1b787aea3d",
    "relation": "Friendly",
    "pact_type": "None"
  },
  {
    "_id": "680933c2b6eab61db1438511",
    "nation_1": "67ef7d7de311e8b3699a1b1a",
    "nation_2": "6801f374a39a3e1b787aea7b",
    "relation": "Friendly",
    "pact_type": "None"
  },
  {
    "_id": "6809a9f24debb116342fbf87",
    "nation_1": "67ef76d298867826cf79631a",
    "nation_2": "67f2118bdc0e88336011dfa9",
    "relation": "Hostile",
    "pact_type": "None"
  },
  {
    "_id": "6809aa034debb116342fbf89",
    "nation_1": "67ef76d298867826cf79631a",
    "nation_2": "67f21fcd609d94b5146136ee",
    "relation": "Hostile",
    "pact_type": "None"
  },
  {
    "_id": "6809aa154debb116342fbf8b",
    "nation_1": "67ef76d298867826cf79631a",
    "nation_2": "67f217e99ddc76f881f9e61b",
    "relation": "Hostile",
    "pact_type": "None"
  },
  {
    "_id": "6809aa1d4debb116342fbf8d",
    "nation_1": "67ef76d298867826cf79631a",
    "nation_2": "67f21d33609d94b5146136d6",
    "relation": "Hostile",
    "pact_type": "None"
  },
  {
    "_id": "6809aa2b4debb116342fbf8f",
    "nation_1": "67ef76d298867826cf79631a",
    "nation_2": "67ef75be98867826cf796316",
    "relation": "Hostile",
    "pact_type": "None"
  },
  {
    "_id": "6809aa344debb116342fbf91",
    "nation_1": "67ef76d298867826cf79631a",
    "nation_2": "67f21e55609d94b5146136e2",
    "relation": "Hostile",
    "pact_type": "None"
  },
  {
    "_id": "6809aa434debb116342fbf93",
    "nation_1": "67ef76d298867826cf79631a",
    "nation_2": "67f218659ddc76f881f9e61f",
    "relation": "Hostile",
    "pact_type": "None"
  },
  {
    "_id": "6809aa4f4debb116342fbf95",
    "nation_1": "67ef76d298867826cf79631a",
    "nation_2": "6801f2b0a39a3e1b787aea74",
    "relation": "Hostile",
    "pact_type": "None"
  },
  {
    "_id": "6809aa5a4debb116342fbf97",
    "nation_1": "67ef76d298867826cf79631a",
    "nation_2": "67f220ae609d94b5146136f6",
    "relation": "Hostile",
    "pact_type": "None"
  },
  {
    "_id": "6809aa624debb116342fbf99",
    "nation_1": "67ef76d298867826cf79631a",
    "nation_2": "67f21ff9609d94b5146136f0",
    "relation": "Hostile",
    "pact_type": "None"
  },
  {
    "_id": "680aae72b6e8653e52340207",
    "nation_1": "67ef77d898867826cf79631e",
    "nation_2": "67f21a3e9ddc76f881f9e62d",
    "relation": "Friendly",
    "pact_type": "None"
  },
  {
    "_id": "680acfbf60f33e8a31f45f09",
    "nation_1": "67f224a4609d94b514613712",
    "nation_2": "6801fa16a39a3e1b787aeaa7",
    "relation": "Neutral",
    "pact_type": "Defensive Pact"
  },
  {
    "_id": "680ad03d60f33e8a31f45f0d",
    "nation_1": "67ef7d7de311e8b3699a1b1a",
    "nation_2": "6801ee31a39a3e1b787aea4f",
    "relation": "Friendly",
    "pact_type": "None"
  },
  {
    "_id": "680ad05860f33e8a31f45f0f",
    "nation_1": "67ef7d7de311e8b3699a1b1a",
    "nation_2": "6801f509a39a3e1b787aea8b",
    "relation": "Unfriendly",
    "pact_type": "None"
  },
  {
    "_id": "680ad07960f33e8a31f45f11",
    "nation_1": "67ef7d7de311e8b3699a1b1a",
    "nation_2": "6801f52ca39a3e1b787aea8d",
    "relation": "Unfriendly",
    "pact_type": "None"
  },
  {
    "_id": "680c8c74376dc2bbc45d2d49",
    "nation_1": "67ef7f0fe311e8b3699a1b1e",
    "nation_2": "6801f5d9a39a3e1b787aea91",
    "relation": "Neutral",
    "pact_type": "None"
  },
  {
    "_id": "680c8c88376dc2bbc45d2d4b",
    "nation_1": "67ef7f0fe311e8b3699a1b1e",
    "nation_2": "6801f5fda39a3e1b787aea93",
    "relation": "Unfriendly",
    "pact_type": "None"
  },
  {
    "_id": "680c8c9b376dc2bbc45d2d4d",
    "nation_1": "67e06714d0c984f82323e43c",
    "nation_2": "67ef77d898867826cf79631e",
    "relation": "Neutral",
    "pact_type": "Military Alliance"
  },
  {
    "_id": "680df4612c068636a92b4c35",
    "nation_1": "67ef7f8ae311e8b3699a1b20",
    "nation_2": "6801f933a39a3e1b787aeaa1",
    "relation": "Neutral",
    "pact_type": "Non-Aggression Pact"
  },
  {
    "_id": "680df46f2c068636a92b4c37",
    "nation_1": "67ef7f8ae311e8b3699a1b20",
    "nation_2": "6801f95ca39a3e1b787aeaa3",
    "relation": "Unfriendly",
    "pact_type": "Non-Aggression Pact"
  },
  {
    "_id": "680df4862c068636a92b4c39",
    "nation_1": "67ef751998867826cf796314",
    "nation_2": "67f219bd9ddc76f881f9e629",
    "relation": "Friendly",
    "pact_type": "Non-Aggression Pact"
  },
  {
    "_id": "680df4c82c068636a92b4c3b",
    "nation_1": "67ef800de311e8b3699a1b22",
    "nation_2": "6801f85da39a3e1b787aea9d",
    "relation": "Friendly",
    "pact_type": "Non-Aggression Pact"
  },
  {
    "_id": "680df4f12c068636a92b4c3d",
    "nation_1": "67ef800de311e8b3699a1b22",
    "nation_2": "6801f879a39a3e1b787aea9f",
    "relation": "Unfriendly",
    "pact_type": "Non-Aggression Pact"
  },
  {
    "_id": "680df5222c068636a92b4c3f",
    "nation_1": "67ef7c0698867826cf796345",
    "nation_2": "67fce9366b75be3a2d346372",
    "relation": "Neutral",
    "pact_type": "Non-Aggression Pact"
  },
  {
    "_id": "680df5362c068636a92b4c41",
    "nation_1": "67ef7c0698867826cf796345",
    "nation_2": "67fce83b6b75be3a2d346368",
    "relation": "Unfriendly",
    "pact_type": "Non-Aggression Pact"
  },
  {
    "_id": "680e8f382c068636a92b4c5e",
    "nation_1": "67ef71c898867826cf796308",
    "nation_2": "67f21b399ddc76f881f9e635",
    "relation": "Unfriendly",
    "pact_type": "None"
  },
  {
    "_id": "680e8f412c068636a92b4c60",
    "nation_1": "67ef71c898867826cf796308",
    "nation_2": "67f218319ddc76f881f9e61d",
    "relation": "Unfriendly",
    "pact_type": "None"
  },
  {
    "_id": "680e91972c068636a92b4c66",
    "nation_1": "67ef751998867826cf796314",
    "nation_2": "6801fa16a39a3e1b787aeaa7",
    "relation": "Neutral",
    "pact_type": "Non-Aggression Pact"
  },
  {
    "_id": "680e91aa2c068636a92b4c68",
    "nation_1": "67ef751998867826cf796314",
    "nation_2": "67f224a4609d94b514613712",
    "relation": "Hostile",
    "pact_type": "None"
  },
  {
    "_id": "680e91bd2c068636a92b4c6a",
    "nation_1": "67ef751998867826cf796314",
    "nation_2": "67ef73fc98867826cf796310",
    "relation": "Hostile",
    "pact_type": "None"
  }
]