[
  {
    "_id": "67fcd1616b75be3a2d346319",
    "name": "The Sapho Syndicate",
    "leaders": [],
    "nation": "67ef71c898867826cf796308",
    "faction_type": "Criminal",
    "control": "Minor",
    "influence": 0
  },
  {
    "_id": "67fcd17f6b75be3a2d34631b",
    "name": "The Engaran Cartel",
    "leaders": [],
    "nation": "67f219789ddc76f881f9e627",
    "faction_type": "Criminal",
    "control": "Inisignificant",
    "influence": 1
  },
  {
    "_id": "67fcd1a96b75be3a2d34631f",
    "name": "Children of Dilani",
    "leaders": [],
    "nation": "67ef725298867826cf79630a",
    "faction_type": "Dissident",
    "control": "Inisignificant",
    "influence": 0
  },
  {
    "_id": "67fcd1bf6b75be3a2d346321",
    "name": "Tha' Rough Ride'n Ladz",
    "leaders": [],
    "nation": "67ef71c898867826cf796308",
    "faction_type": "Military",
    "control": "Minor",
    "influence": 0
  },
  {
    "_id": "67fcd2d16b75be3a2d346323",
    "name": "\u1e6c\u0101lib\u016bn Obeliska",
    "leaders": [],
    "nation": "67ef7f0fe311e8b3699a1b1e",
    "faction_type": "Adventurer",
    "control": "Inisignificant",
    "influence": 0
  },
  {
    "_id": "67fde89e21a497bb1f8f07c9",
    "name": "Celik Koruma",
    "leaders": [],
    "nation": "67f21ff9609d94b5146136f0",
    "faction_type": "Military",
    "control": "Inisignificant",
    "influence": 0
  },
  {
    "_id": "67fec9db225f6efeaf686d01",
    "name": "Qophelo Loyalists",
    "leaders": [],
    "nation": "67e06714d0c984f82323e43c",
    "faction_type": "Cult",
    "control": "Inisignificant",
    "influence": 0
  },
  {
    "_id": "67ff169067dd9ff94e62d6fb",
    "name": "The Pathfinders",
    "leaders": [],
    "nation": "67ef749f98867826cf796312",
    "faction_type": "Adventurer",
    "control": "Inisignificant",
    "influence": 9
  },
  {
    "_id": "6800554567dd9ff94e62d724",
    "name": "V\u00e4in\u00e4m\u00f6inen Cult",
    "leaders": [],
    "nation": "67ef774c98867826cf79631c",
    "faction_type": "Cult",
    "control": "Inisignificant",
    "influence": 1
  },
  {
    "_id": "6809d6837b2961778a9f11a1",
    "name": "Whitewood Company",
    "leaders": [],
    "nation": "67ef7c0698867826cf796345",
    "faction_type": "Adventurer",
    "control": "Insignificant",
    "influence": 1
  }
]