[
  {
    "_id": "67fcca2b36e93c84efe5f3d6",
    "name": "Firefather's Chosen",
    "leaders": [],
    "Region": "67ef6b5098867826cf7962ed",
    "patron": "",
    "land_doctrine": "Standard",
    "naval_doctrine": "Standard",
    "size": "Medium",
    "reknown": "Standard",
    "districts": [],
    "units": [],
    "region": "67ef6b5c98867826cf7962ef"
  },
  {
    "_id": "67fcce4736e93c84efe5f3d9",
    "name": "Sunflower Horde",
    "leaders": [],
    "Region": "67ef6b6398867826cf7962f1",
    "patron": "",
    "land_doctrine": "Standard",
    "naval_doctrine": "Standard",
    "size": "Small",
    "reknown": "Unscrupulous",
    "districts": [],
    "units": [],
    "region": "67ef6b6398867826cf7962f1"
  },
  {
    "_id": "67fcced36b75be3a2d3462fe",
    "name": "Eyes of Tn'kaneid",
    "leaders": [],
    "Region": "67ef6b3198867826cf7962eb",
    "patron": "",
    "land_doctrine": "Safeguard",
    "naval_doctrine": "Skirmish",
    "size": "Medium",
    "reknown": "Standard",
    "districts": [],
    "units": [],
    "region": "67ef6b3198867826cf7962eb"
  },
  {
    "_id": "67fccef56b75be3a2d346301",
    "name": "Luminary Guard",
    "leaders": [],
    "Region": "67ef6b5098867826cf7962ed",
    "patron": "",
    "land_doctrine": "Safeguard",
    "naval_doctrine": "Standard",
    "size": "Small",
    "reknown": "Standard",
    "districts": [],
    "units": [],
    "region": "67ef6b5098867826cf7962ed"
  },
  {
    "_id": "67fccf086b75be3a2d346303",
    "name": "Bows of the Kindred",
    "leaders": [],
    "Region": "67ef6b5098867826cf7962ed",
    "patron": "",
    "land_doctrine": "Volley",
    "naval_doctrine": "Standard",
    "size": "Medium",
    "reknown": "Standard",
    "districts": [],
    "units": [],
    "region": "67ef6b5098867826cf7962ed"
  },
  {
    "_id": "67fccf236b75be3a2d346305",
    "name": "The Revenants",
    "leaders": [],
    "Region": "67ef6b7598867826cf7962f5",
    "patron": "",
    "land_doctrine": "Shock",
    "naval_doctrine": "Skirmish",
    "size": "Medium",
    "reknown": "Standard",
    "districts": [],
    "units": [],
    "region": "67ef6b7598867826cf7962f5"
  },
  {
    "_id": "67fccf3b6b75be3a2d346307",
    "name": "The Mice's Men",
    "leaders": [],
    "Region": "67ef6b7598867826cf7962f5",
    "patron": "",
    "land_doctrine": "Shock",
    "naval_doctrine": "Standard",
    "size": "Medium",
    "reknown": "Honorable",
    "districts": [],
    "units": [],
    "region": "67ef6c8a98867826cf7962f8"
  },
  {
    "_id": "67fccf566b75be3a2d346309",
    "name": "Masked Riders",
    "leaders": [],
    "Region": "67ef6b6c98867826cf7962f3",
    "patron": "",
    "land_doctrine": "Nomadic",
    "naval_doctrine": "Standard",
    "size": "Medium",
    "reknown": "Standard",
    "districts": [],
    "units": [],
    "region": "67ef6b6c98867826cf7962f3"
  },
  {
    "_id": "67fccf686b75be3a2d34630b",
    "name": "Riders of Tolay",
    "leaders": [],
    "Region": "67ef6b6c98867826cf7962f3",
    "patron": "",
    "land_doctrine": "Shock",
    "naval_doctrine": "Standard",
    "size": "Medium",
    "reknown": "Standard",
    "districts": [],
    "units": [],
    "region": "67ef6b6c98867826cf7962f3"
  },
  {
    "_id": "67fccf876b75be3a2d34630d",
    "name": "The Green Gentlemen",
    "leaders": [],
    "Region": "67ef6b6c98867826cf7962f3",
    "patron": "",
    "land_doctrine": "Standard",
    "naval_doctrine": "Standard",
    "size": "Small",
    "reknown": "Honorable",
    "districts": [],
    "units": [],
    "region": "67ef6b6c98867826cf7962f3"
  },
  {
    "_id": "67fccfb26b75be3a2d34630f",
    "name": "Grey Knights",
    "leaders": [],
    "Region": "67ef6b3198867826cf7962eb",
    "patron": "",
    "land_doctrine": "Safeguard",
    "naval_doctrine": "Fleet",
    "size": "Small",
    "reknown": "Honorable",
    "treasury": 450,
    "districts": [
      "",
      "",
      ""
    ],
    "units": [
      "ancient_elite_infantry",
      "ancient_battering_ram"
    ],
    "region": "67ef6b7598867826cf7962f5"
  },
  {
    "_id": "67fccfe66b75be3a2d346311",
    "name": "Ble Ravd\u00f3seis",
    "leaders": [],
    "Region": "67ef6b6c98867826cf7962f3",
    "patron": "",
    "land_doctrine": "Standard",
    "naval_doctrine": "Fleet",
    "size": "Medium",
    "reknown": "Standard",
    "treasury": 220,
    "districts": [],
    "units": []
  },
  {
    "_id": "67fcd12b6b75be3a2d346315",
    "name": "The Sea Vipers",
    "leaders": [],
    "Region": "67ef6b7598867826cf7962f5",
    "patron": "",
    "land_doctrine": "Standard",
    "naval_doctrine": "Fleet",
    "size": "Small",
    "reknown": "Standard",
    "treasury": 450,
    "districts": [],
    "units": []
  },
  {
    "_id": "67fcd14a6b75be3a2d346317",
    "name": "Ironboar warband",
    "leaders": [],
    "Region": "67ef6c8a98867826cf7962f8",
    "patron": "",
    "land_doctrine": "Standard",
    "naval_doctrine": "Standard",
    "size": "Small",
    "reknown": "Standard",
    "treasury": 450,
    "districts": [],
    "units": []
  },
  {
    "_id": "6809d63d7b2961778a9f119e",
    "name": "Twilight Terrors",
    "leaders": [],
    "region": "67ef6b7598867826cf7962f5",
    "patron": "",
    "land_doctrine": "Standard",
    "naval_doctrine": "Standard",
    "size": "Small",
    "reknown": "Standard",
    "districts": [],
    "units": []
  },
  {
    "_id": "680bd88449de27892c2d9e10",
    "name": "Blackwater Hooligans",
    "leaders": [],
    "region": "67ef6b5c98867826cf7962ef",
    "patron": "",
    "land_doctrine": "Shock",
    "naval_doctrine": "Skirmish",
    "size": "Small",
    "reknown": "Standard",
    "districts": [],
    "units": []
  },
  {
    "_id": "680bd8bd49de27892c2d9e13",
    "name": "Volcanic Warband",
    "leaders": [],
    "region": "67ef6b6398867826cf7962f1",
    "patron": "",
    "land_doctrine": "Volley",
    "naval_doctrine": "Standard",
    "size": "Small",
    "reknown": "Standard",
    "districts": [],
    "units": []
  },
  {
    "_id": "680bdc8d49de27892c2d9e16",
    "name": "Quin'tar Aggregate",
    "leaders": [],
    "region": "67ef6c8a98867826cf7962f8",
    "patron": "",
    "land_doctrine": "Ambush",
    "naval_doctrine": "Fleet",
    "size": "Small",
    "reknown": "Standard",
    "districts": [],
    "units": []
  },
  {
    "_id": "680bde4249de27892c2d9e1a",
    "name": "Pirraoi Ravagers",
    "leaders": [],
    "region": "67ef6b3198867826cf7962eb",
    "patron": "",
    "land_doctrine": "Ambush",
    "naval_doctrine": "Skirmish",
    "size": "Small",
    "reknown": "Standard",
    "districts": [],
    "units": []
  }
]