[
  {
    "_id": "67cce34bac60799772ce02b6",
    "id": "101872024938385408",
    "name": "juggernacht",
    "avatar_url": "https://cdn.discordapp.com/avatars/101872024938385408/f58d3cff49d8890e6baa761c3b3b6938.png",
    "is_admin": true,
    "is_rp_mod": "False",
    "is_website_helper": "False"
  },
  {
    "_id": "67cd337f178a4e7df874ca8f",
    "id": "160913929353035776",
    "name": "mykonos_",
    "avatar_url": "https://cdn.discordapp.com/avatars/160913929353035776/08c7af18ef2be6d2cbbed73439158667.png",
    "is_admin": true,
    "is_rp_mod": false,
    "is_website_helper": false
  },
  {
    "_id": "67cd3c064f1c30d30283ea7d",
    "id": "181707838417141760",
    "name": "risendiablo",
    "avatar_url": "https://cdn.discordapp.com/avatars/181707838417141760/627562e6a01b9704183209a553b2c7b7.png",
    "is_admin": false,
    "is_rp_mod": false,
    "is_website_helper": false
  },
  {
    "_id": "67cd3dcbcbc9a3293d901a97",
    "id": "268178699856117760",
    "name": "lordseabas",
    "avatar_url": "https://cdn.discordapp.com/avatars/268178699856117760/c951b793f8ea690b1ceca5f985ba70d2.png",
    "is_admin": false,
    "is_rp_mod": false,
    "is_website_helper": false
  },
  {
    "_id": "67ce3911666dc1c32f6ed543",
    "id": "410510188609667072",
    "name": "my5trya55a55in2",
    "avatar_url": "https://cdn.discordapp.com/avatars/410510188609667072/4042b41ce64a110abe8c1b0e2179b026.png",
    "is_admin": false,
    "is_rp_mod": false,
    "is_website_helper": false
  },
  {
    "_id": "67ce52de666dc1c32f6ed544",
    "id": "292790398110138368",
    "name": "the_letholdus",
    "avatar_url": "https://cdn.discordapp.com/avatars/292790398110138368/82f4febfea62b41ede18d1ddb73c5c69.png",
    "is_admin": false,
    "is_rp_mod": false,
    "is_website_helper": false
  },
  {
    "_id": "67ce6d802cd223cbf1ce8a3d",
    "id": "344303586940944384",
    "name": "erddad",
    "avatar_url": "https://cdn.discordapp.com/avatars/344303586940944384/01834b870268a07e7553e4194eff1d7a.png",
    "is_admin": false,
    "is_rp_mod": false,
    "is_website_helper": false
  },
  {
    "_id": "67ce7dca32cf7de0d7b42fcf",
    "id": "321430856528822274",
    "name": "docrm",
    "avatar_url": "https://cdn.discordapp.com/avatars/321430856528822274/66b1afa081b7fe7da4517e6ad56d227c.png",
    "is_admin": false,
    "is_rp_mod": false,
    "is_website_helper": "False"
  },
  {
    "_id": "67da6c7b66153af922c8c68f",
    "id": "463593800715993098",
    "name": "yoda1546",
    "avatar_url": "https://cdn.discordapp.com/avatars/463593800715993098/c2eac715277613de68b5371e903c147e.png",
    "is_admin": true,
    "is_rp_mod": false,
    "is_website_helper": false
  },
  {
    "_id": "67dc59bef6d5817d1307f224",
    "id": "730555449065210065",
    "name": "elphonsa",
    "avatar_url": "https://cdn.discordapp.com/avatars/730555449065210065/157ad55929e145e266bf349927a7290d.png",
    "is_admin": false,
    "is_rp_mod": true,
    "is_website_helper": false,
    "characters": []
  },
  {
    "_id": "67f331de362c8771ff2f5883",
    "id": "734708760034934815",
    "name": "chhhiiiillllly",
    "avatar_url": "https://cdn.discordapp.com/avatars/734708760034934815/d07cc7cdc2411294d7d54fc6f66c22fe.png",
    "is_admin": false,
    "is_rp_mod": false,
    "is_website_helper": false
  },
  {
    "_id": "67f427c29bb534b15fad7aba",
    "id": "222456892658679809",
    "name": "sexyprincessz",
    "avatar_url": "https://cdn.discordapp.com/avatars/222456892658679809/4af82eb7660c30967541cc77fb970b38.png",
    "is_admin": false,
    "is_rp_mod": false,
    "is_website_helper": false
  },
  {
    "_id": "67f428be9bb534b15fad7abb",
    "id": "289915428250320906",
    "name": "mc_nugs",
    "avatar_url": "https://cdn.discordapp.com/avatars/289915428250320906/50ab44d25a18f2214a4a77da4f8136b9.png",
    "is_admin": false,
    "is_rp_mod": false,
    "is_website_helper": false
  },
  {
    "_id": "67f454949bb534b15fad7abc",
    "id": "763988200313323550",
    "name": "capt.n1",
    "avatar_url": "https://cdn.discordapp.com/avatars/763988200313323550/902d7fc9073c27ca7dac26076f0afe7c.png",
    "is_admin": false,
    "is_rp_mod": false,
    "is_website_helper": false
  },
  {
    "_id": "67faab64e253e64f73c889ad",
    "id": "1116777363758391397",
    "name": "cee_canary",
    "avatar_url": "https://cdn.discordapp.com/avatars/1116777363758391397/3ae039d65cb795fe2dfa88059501e9b6.png",
    "is_admin": false,
    "is_rp_mod": false,
    "is_website_helper": false
  },
  {
    "_id": "67fbef8948b2fbf476b6110d",
    "id": "385388256101138432",
    "name": "venpice",
    "avatar_url": "https://cdn.discordapp.com/avatars/385388256101138432/b051e30c3826316ebf22638e6675ace3.png",
    "is_admin": false,
    "is_rp_mod": false,
    "is_website_helper": false
  },
  {
    "_id": "67fc4eb248b2fbf476b6110e",
    "id": "415282232895340546",
    "name": "tekkey.hinode",
    "avatar_url": "https://cdn.discordapp.com/avatars/415282232895340546/a7e1a4046562a86e0e9bfab0eff10d4a.png",
    "is_admin": false,
    "is_rp_mod": false,
    "is_website_helper": false
  },
  {
    "_id": "67fc75fdc175f9990ba4abaa",
    "id": "1067966055315685457",
    "name": "guacshadow",
    "avatar_url": "https://cdn.discordapp.com/avatars/1067966055315685457/b054f399a667c68b3be4948025d58a34.png",
    "is_admin": false,
    "is_rp_mod": false,
    "is_website_helper": false
  },
  {
    "_id": "67fc9b9bc175f9990ba4abab",
    "id": "229736663612391424",
    "name": "muricanman",
    "avatar_url": "https://cdn.discordapp.com/avatars/229736663612391424/7233afd83d2a22ad2d5130ad073f4e4a.png",
    "is_admin": false,
    "is_rp_mod": false,
    "is_website_helper": false
  },
  {
    "_id": "67fc9beec175f9990ba4abac",
    "id": "423892963140173825",
    "name": "anoicedude",
    "avatar_url": "https://cdn.discordapp.com/avatars/423892963140173825/12304f7a39bc77bd2edaf3607bb69f2a.png",
    "is_admin": false,
    "is_rp_mod": false,
    "is_website_helper": false
  },
  {
    "_id": "67fc9c47c175f9990ba4abad",
    "id": "219531563732303872",
    "name": "whaet",
    "avatar_url": "https://cdn.discordapp.com/avatars/219531563732303872/d937afb3b095337171a2f37d9d27fd27.png",
    "is_admin": false,
    "is_rp_mod": false,
    "is_website_helper": false
  },
  {
    "_id": "67fc9cd0c175f9990ba4abaf",
    "id": "725771512623136890",
    "name": "pflegi",
    "avatar_url": "https://cdn.discordapp.com/avatars/725771512623136890/b5e8ae1f90e19f33901c639a1eff3836.png",
    "is_admin": false,
    "is_rp_mod": false,
    "is_website_helper": false
  },
  {
    "_id": "67fca1aec175f9990ba4abb6",
    "id": "356902044864479244",
    "name": "adador",
    "avatar_url": "https://cdn.discordapp.com/avatars/356902044864479244/fce6b45ad8f340233245c2476fab99df.png",
    "is_admin": false,
    "is_rp_mod": false,
    "is_website_helper": false
  },
  {
    "_id": "67fca5dc3775c22956617afb",
    "id": "597101268003061763",
    "name": "xlbeutel",
    "avatar_url": "https://cdn.discordapp.com/avatars/597101268003061763/dcac9ff3d7fb24ffa63fc93462d30504.png",
    "is_admin": false,
    "is_rp_mod": false,
    "is_website_helper": false
  },
  {
    "_id": "67fcb256f72948b88c6fe7bf",
    "id": "751447876583817356",
    "name": "balasanta13",
    "avatar_url": "https://cdn.discordapp.com/avatars/751447876583817356/0222fc19f3688a8d47d1521aa80faeaf.png",
    "is_admin": false,
    "is_rp_mod": false,
    "is_website_helper": false
  },
  {
    "_id": "67fcd8b16b75be3a2d346324",
    "id": "405708021600092160",
    "name": "justcharlies",
    "avatar_url": "https://cdn.discordapp.com/avatars/405708021600092160/10ab380df052c8f7aded960187735943.png",
    "is_admin": false,
    "is_rp_mod": false,
    "is_website_helper": false
  },
  {
    "_id": "67fcf78b6b75be3a2d346399",
    "id": "486576916384579594",
    "name": "justsomeguy0796",
    "avatar_url": null,
    "is_admin": false,
    "is_rp_mod": false,
    "is_website_helper": false
  },
  {
    "_id": "67fd7d9b9ca7136ceed25c09",
    "name": "System"
  },
  {
    "_id": "67fdb3a1b68591adb9a85996",
    "id": "262828346356924416",
    "name": "rshawferry",
    "avatar_url": "https://cdn.discordapp.com/avatars/262828346356924416/e4ef333d1a961ed58f70f51c16b91cdc.png",
    "is_admin": false,
    "is_rp_mod": false,
    "is_website_helper": false
  },
  {
    "_id": "67fdce9821a497bb1f8f07c2",
    "id": "208286853751767040",
    "name": "thedakotadevil",
    "avatar_url": "https://cdn.discordapp.com/avatars/208286853751767040/5d144a7619fd06806680630a0c7f184c.png",
    "is_admin": false,
    "is_rp_mod": false,
    "is_website_helper": false
  },
  {
    "_id": "67fe55a421a497bb1f8f07d3",
    "id": "177841504134365186",
    "name": "matak0",
    "avatar_url": "https://cdn.discordapp.com/avatars/177841504134365186/dd6294de9754cf910a63de790e2e787d.png",
    "is_admin": false,
    "is_rp_mod": false,
    "is_website_helper": false
  },
  {
    "_id": "67feb063bbee8bc9a91a6991",
    "id": "480448478775083018",
    "name": "jdlm1221",
    "avatar_url": "https://cdn.discordapp.com/avatars/480448478775083018/1d32704c91247453725b1f9b4f03718d.png",
    "is_admin": false,
    "is_rp_mod": false,
    "is_website_helper": false
  },
  {
    "_id": "67ffd3d467dd9ff94e62d712",
    "id": "886711203974512660",
    "name": "dantethyskellyboi",
    "avatar_url": "https://cdn.discordapp.com/avatars/886711203974512660/91ef6ecd7329be6a4b04a8dc663b2330.png",
    "is_admin": false,
    "is_rp_mod": false,
    "is_website_helper": false
  },
  {
    "_id": "68001be167dd9ff94e62d71b",
    "id": "216665544445657088",
    "name": "carter7526",
    "avatar_url": "https://cdn.discordapp.com/avatars/216665544445657088/69185547e84d849be7186eea901bbbc9.png",
    "is_admin": false,
    "is_rp_mod": false,
    "is_website_helper": false
  },
  {
    "_id": "68005b7e54f0fc1957238cf4",
    "id": "1344846541046808576",
    "name": "emiyalily",
    "avatar_url": "https://cdn.discordapp.com/avatars/1344846541046808576/ce73825cf40b33b054ee0427857be079.png",
    "is_admin": false,
    "is_rp_mod": false,
    "is_website_helper": false
  },
  {
    "_id": "68011a714a005e56861a999f",
    "id": "263536902068633601",
    "name": "akranejames",
    "avatar_url": "https://cdn.discordapp.com/avatars/263536902068633601/352d333cd54c050300a1c52f2e09bae1.png",
    "is_admin": false,
    "is_rp_mod": false,
    "is_website_helper": false
  },
  {
    "_id": "6802383ba39a3e1b787aeaae",
    "id": "489037431530848257",
    "name": "tolz",
    "avatar_url": "https://cdn.discordapp.com/avatars/489037431530848257/ba8cfc00de1377696086025da564e76a.png",
    "is_admin": false,
    "is_rp_mod": false,
    "is_website_helper": false
  },
  {
    "_id": "6806be0a4edaac1b95b3ff0f",
    "id": "492279709690757130",
    "name": "bluzantine",
    "avatar_url": "https://cdn.discordapp.com/avatars/492279709690757130/d932f45aa6c5fafc8d650ca31ad6ee57.png",
    "is_admin": false,
    "is_rp_mod": false,
    "is_website_helper": false
  },
  {
    "_id": "6808df7626f494d1c9e0c1f5",
    "id": "289915189376057344",
    "name": "_gorilla_king_",
    "avatar_url": "https://cdn.discordapp.com/avatars/289915189376057344/a56380069f6f38d153bd760055b75329.png",
    "is_admin": false,
    "is_rp_mod": false,
    "is_website_helper": false
  },
  {
    "_id": "680ab46cc75c6e0314f121b1",
    "id": "371357148245917696",
    "name": "lorddask",
    "avatar_url": "https://cdn.discordapp.com/avatars/371357148245917696/f5939d203b753e0d726ef2d69d5c19ba.png",
    "is_admin": false,
    "is_rp_mod": false,
    "is_website_helper": false
  }
]