[
  {
    "_id": "67ef2ef8096a9b083e2a760b",
    "positive_trait": "Magical",
    "founding_nation": "67e06714d0c984f82323e43c",
    "preferred_terrain": "Tundra",
    "negative_trait": "Fleeting",
    "name": "Ignikin"
  },
  {
    "_id": "67ef2f25096a9b083e2a760d",
    "positive_trait": "Courageous",
    "founding_nation": "67f21e91609d94b5146136e4",
    "preferred_terrain": "Desert",
    "negative_trait": "Hydrophobic",
    "name": "Afaka",
    "pops": "67f2ffd7362c8771ff2f56b2"
  },
  {
    "_id": "67ef2f3c096a9b083e2a760f",
    "positive_trait": "Fecund",
    "founding_nation": "67ef73fc98867826cf796310",
    "preferred_terrain": "Mountain",
    "negative_trait": "Mundane",
    "name": "Athian",
    "pops": "67f3093a362c8771ff2f5871"
  },
  {
    "_id": "67ef2f58096a9b083e2a7611",
    "positive_trait": "Magical",
    "founding_nation": "67ef6f3c98867826cf796300",
    "preferred_terrain": "Plains",
    "negative_trait": "Infertile",
    "name": "Aubivante"
  },
  {
    "_id": "67ef3fb389e17a6e9fa6bba7",
    "negative_trait": "Rowdy",
    "founding_nation": "67ef72db98867826cf79630c",
    "preferred_terrain": "River",
    "name": "Axolotl",
    "positive_trait": "Semi-Aquatic"
  },
  {
    "_id": "67ef3fcc89e17a6e9fa6bba9",
    "negative_trait": "Slow",
    "founding_nation": "67f220ae609d94b5146136f6",
    "preferred_terrain": "Hill",
    "name": "Bambai-Nekeg",
    "positive_trait": "Sturdy",
    "pops": "67f2fb07af8ba078d9f5fda6"
  },
  {
    "_id": "67ef400089e17a6e9fa6bbab",
    "negative_trait": "Unlucky",
    "founding_nation": "67f218af9ddc76f881f9e621",
    "preferred_terrain": "Marsh",
    "name": "Borgolow",
    "positive_trait": "Sturdy",
    "pops": "67f2d8a8af8ba078d9f5fc2c"
  },
  {
    "_id": "67ef401989e17a6e9fa6bbad",
    "negative_trait": "Fleeting",
    "founding_nation": "67f22463609d94b514613710",
    "preferred_terrain": "Forest",
    "name": "Bugaboo",
    "positive_trait": "Swift",
    "pops": "67f308fd362c8771ff2f5862"
  },
  {
    "_id": "67ef403d89e17a6e9fa6bbaf",
    "negative_trait": "Insatiable",
    "founding_nation": "67f217e99ddc76f881f9e61b",
    "preferred_terrain": "Marsh",
    "name": "Carcuka",
    "positive_trait": "Semi-Aquatic",
    "pops": "67f30677362c8771ff2f57e3"
  },
  {
    "_id": "67ef407189e17a6e9fa6bbb1",
    "negative_trait": "Irksome",
    "founding_nation": "67f2212d609d94b5146136fa",
    "preferred_terrain": "Mountain",
    "name": "Chitran",
    "positive_trait": "Industrious",
    "pops": "67f3040c362c8771ff2f5791"
  },
  {
    "_id": "67ef408989e17a6e9fa6bbb3",
    "negative_trait": "Insatiable",
    "founding_nation": "67ef75be98867826cf796316",
    "preferred_terrain": "Forest",
    "name": "Demi",
    "positive_trait": "Magical"
  },
  {
    "_id": "67ef40a089e17a6e9fa6bbb5",
    "negative_trait": "Infertile",
    "founding_nation": "67f21ff9609d94b5146136f0",
    "preferred_terrain": "Desert",
    "name": "Dredr\u00e9",
    "positive_trait": "Swift",
    "pops": "67f2fb7aaf8ba078d9f5fdbc"
  },
  {
    "_id": "67ef40c489e17a6e9fa6bbb7",
    "negative_trait": "Slow",
    "founding_nation": "67f21e55609d94b5146136e2",
    "preferred_terrain": "Desert",
    "name": "Eidola",
    "positive_trait": "Curious",
    "pops": "67f2fd31af8ba078d9f5fe14"
  },
  {
    "_id": "67ef40fa89e17a6e9fa6bbb9",
    "negative_trait": "Hydrophobic",
    "founding_nation": "67f218e79ddc76f881f9e623",
    "preferred_terrain": "Plains",
    "name": "Ekkros",
    "positive_trait": "Swift",
    "pops": "67f2d961af8ba078d9f5fc46"
  },
  {
    "_id": "67ef411e89e17a6e9fa6bbbb",
    "negative_trait": "Craven",
    "founding_nation": "67f22163609d94b5146136fc",
    "preferred_terrain": "Forest",
    "name": "Fluttergeist",
    "positive_trait": "Lucky",
    "pops": "67f30454362c8771ff2f5799"
  },
  {
    "_id": "67ef413689e17a6e9fa6bbbd",
    "negative_trait": "Dim",
    "founding_nation": "",
    "preferred_terrain": "Dense Forest",
    "name": "Fulkuun",
    "positive_trait": "Charismatic"
  },
  {
    "_id": "67ef414e89e17a6e9fa6bbbf",
    "negative_trait": "Unlucky",
    "founding_nation": "67f219bd9ddc76f881f9e629",
    "preferred_terrain": "Tundra",
    "name": "Gl\u00fcsken",
    "positive_trait": "Semi-Aquatic",
    "pops": "67f2f522af8ba078d9f5fd2e"
  },
  {
    "_id": "67ef418a89e17a6e9fa6bbc1",
    "negative_trait": "Clumsy",
    "founding_nation": "67f221e5609d94b514613700",
    "preferred_terrain": "Hill",
    "name": "Goblin",
    "positive_trait": "Courageous",
    "pops": "67f2fb4faf8ba078d9f5fda9"
  },
  {
    "_id": "67ef41ad89e17a6e9fa6bbc3",
    "negative_trait": "Fleeting",
    "founding_nation": "67ef774c98867826cf79631c",
    "preferred_terrain": "Mountain",
    "name": "Henko",
    "positive_trait": "Magical"
  },
  {
    "_id": "67ef41c689e17a6e9fa6bbc5",
    "negative_trait": "Mundane",
    "founding_nation": "",
    "preferred_terrain": "Forest",
    "name": "Human",
    "positive_trait": "Industrious"
  },
  {
    "_id": "67ef4ba889e17a6e9fa6bbc7",
    "negative_trait": "Mundane",
    "founding_nation": "67ef749f98867826cf796312",
    "preferred_terrain": "Plains",
    "name": "Inspira",
    "positive_trait": "Curious"
  },
  {
    "_id": "67ef4bc189e17a6e9fa6bbc9",
    "negative_trait": "Hydrophobic",
    "founding_nation": "67ef751998867826cf796314",
    "preferred_terrain": "Dense Forest",
    "name": "Kamuy",
    "positive_trait": "Magical"
  },
  {
    "_id": "67ef4bd389e17a6e9fa6bbcb",
    "negative_trait": "Mundane",
    "founding_nation": "67f218319ddc76f881f9e61d",
    "preferred_terrain": "Plains",
    "name": "Kewala",
    "positive_trait": "Aggressive",
    "pops": "67f1be0694b3bca289eebdea"
  },
  {
    "_id": "67ef4bf489e17a6e9fa6bbcd",
    "negative_trait": "Rowdy",
    "founding_nation": "67ef751998867826cf796314",
    "preferred_terrain": "Dense Forest",
    "name": "Kindred",
    "positive_trait": "Industrious"
  },
  {
    "_id": "67ef4c0e89e17a6e9fa6bbcf",
    "negative_trait": "Mundane",
    "founding_nation": "67ef76d298867826cf79631a",
    "preferred_terrain": "Forest",
    "name": "Kol'zani",
    "positive_trait": "Semi-Aquatic"
  },
  {
    "_id": "67ef4c3a89e17a6e9fa6bbd1",
    "negative_trait": "Hydrophobic",
    "founding_nation": "67f21c319ddc76f881f9e63d",
    "preferred_terrain": "Dense Forest",
    "name": "Kots\u00e1ni",
    "positive_trait": "Swift",
    "pops": "67f2f931af8ba078d9f5fd77"
  },
  {
    "_id": "67ef4c4c89e17a6e9fa6bbd3",
    "negative_trait": "Frail",
    "founding_nation": "67f21e91609d94b5146136e4",
    "preferred_terrain": "Hill",
    "name": "Kromaylin",
    "positive_trait": "Venerable",
    "pops": "67f2fb67af8ba078d9f5fdb5"
  },
  {
    "_id": "67ef4c8589e17a6e9fa6bbd5",
    "negative_trait": "Insatiable",
    "founding_nation": "",
    "preferred_terrain": "Hazardous",
    "name": "Kyxalthids ",
    "positive_trait": "Venerable"
  },
  {
    "_id": "67ef4c9789e17a6e9fa6bbd7",
    "negative_trait": "Meek",
    "founding_nation": "67f21d33609d94b5146136d6",
    "preferred_terrain": "Hill",
    "name": "Lachiwa",
    "positive_trait": "Industrious",
    "pops": "67f2fa8caf8ba078d9f5fd94"
  },
  {
    "_id": "67ef4cac89e17a6e9fa6bbd9",
    "negative_trait": "Mundane",
    "founding_nation": "67ef703c98867826cf796304",
    "preferred_terrain": "Forest",
    "name": "Lanzeshawks",
    "positive_trait": "Aggressive"
  },
  {
    "_id": "67ef4cd789e17a6e9fa6bbdb",
    "negative_trait": "Fleeting",
    "founding_nation": "67ef6fbf98867826cf796302",
    "preferred_terrain": "Forest",
    "name": "Laoshu Ren",
    "positive_trait": "Courageous"
  },
  {
    "_id": "67ef558189e17a6e9fa6bbde",
    "negative_trait": "Clumsy",
    "founding_nation": "67f2238b609d94b51461370c",
    "preferred_terrain": "Forest",
    "name": "Lilado",
    "positive_trait": "Magical",
    "pops": "67f3083f362c8771ff2f5837"
  },
  {
    "_id": "67ef559389e17a6e9fa6bbe0",
    "negative_trait": "Mundane",
    "founding_nation": "67f219389ddc76f881f9e625",
    "preferred_terrain": "Plains",
    "name": "Ludus",
    "positive_trait": "Courageous",
    "pops": "67f2db5faf8ba078d9f5fc62"
  },
  {
    "_id": "67ef55ac89e17a6e9fa6bbe2",
    "negative_trait": "Frail",
    "founding_nation": "67f21aac9ddc76f881f9e631",
    "preferred_terrain": "Tundra",
    "name": "Lumirans",
    "positive_trait": "Magical",
    "pops": "67f2de00af8ba078d9f5fc9e"
  },
  {
    "_id": "67ef55ca89e17a6e9fa6bbe4",
    "negative_trait": "Rowdy",
    "founding_nation": "67ef784498867826cf796320",
    "preferred_terrain": "River",
    "name": "Makyrissan",
    "positive_trait": "Magical"
  },
  {
    "_id": "67ef55df89e17a6e9fa6bbe6",
    "negative_trait": "Hydrophobic",
    "founding_nation": "67ef736898867826cf79630e",
    "preferred_terrain": "Hill",
    "name": "Marathon",
    "positive_trait": "Swift"
  },
  {
    "_id": "67ef55f789e17a6e9fa6bbe8",
    "negative_trait": "Insatiable",
    "founding_nation": "67ef75be98867826cf796316",
    "preferred_terrain": "Forest",
    "name": "Maskay",
    "positive_trait": "Magical"
  },
  {
    "_id": "67ef560989e17a6e9fa6bbea",
    "negative_trait": "Fleeting",
    "founding_nation": "",
    "preferred_terrain": "Dense Forest",
    "name": "Mycelis",
    "positive_trait": "Courageous"
  },
  {
    "_id": "67ef562289e17a6e9fa6bbec",
    "negative_trait": "Mundane",
    "founding_nation": "67f22029609d94b5146136f2",
    "preferred_terrain": "Desert",
    "name": "Mohad",
    "positive_trait": "Charismatic",
    "pops": "67f3026c362c8771ff2f5754"
  },
  {
    "_id": "67ef563189e17a6e9fa6bbee",
    "negative_trait": "Irksome",
    "founding_nation": "67f2171e9ddc76f881f9e616",
    "preferred_terrain": "Hill",
    "name": "Mutatum",
    "positive_trait": "Abstemious",
    "pops": "67f30480362c8771ff2f57a5"
  },
  {
    "_id": "67ef564589e17a6e9fa6bbf0",
    "negative_trait": "Insatiable",
    "founding_nation": "67ef77d898867826cf79631e",
    "preferred_terrain": "Hill",
    "name": "Orchal",
    "positive_trait": "Sturdy"
  },
  {
    "_id": "67ef565d89e17a6e9fa6bbf2",
    "negative_trait": "Fleeting",
    "founding_nation": "67ef725298867826cf79630a",
    "preferred_terrain": "Tundra",
    "name": "Palorthin",
    "positive_trait": "Fecund"
  },
  {
    "_id": "67ef567689e17a6e9fa6bbf4",
    "negative_trait": "Frail",
    "founding_nation": "67ef764198867826cf796318",
    "preferred_terrain": "Hill",
    "name": "Philanthropist",
    "positive_trait": "Lucky"
  },
  {
    "_id": "67ef569889e17a6e9fa6bbf6",
    "negative_trait": "Insatiable",
    "founding_nation": "67ef6d4698867826cf7962fa",
    "preferred_terrain": "Plains",
    "name": "Prunambulat",
    "positive_trait": "Industrious"
  },
  {
    "_id": "67ef56ae89e17a6e9fa6bbf8",
    "negative_trait": "Rowdy",
    "founding_nation": "67f218659ddc76f881f9e61f",
    "preferred_terrain": "Marsh",
    "name": "Qraws",
    "positive_trait": "Semi-Aquatic",
    "pops": "67f2b646af8ba078d9f5fc12"
  },
  {
    "_id": "67ef56c289e17a6e9fa6bbfa",
    "negative_trait": "Mundane",
    "founding_nation": "67f21bd09ddc76f881f9e639",
    "preferred_terrain": "Hill",
    "name": "Rock",
    "positive_trait": "Sturdy",
    "pops": "67f2f7bbaf8ba078d9f5fd55"
  },
  {
    "_id": "67ef56dd89e17a6e9fa6bbfc",
    "negative_trait": "Irksome",
    "founding_nation": "67f22071609d94b5146136f4",
    "preferred_terrain": "Dense Forest",
    "name": "Rye",
    "positive_trait": "Venerable",
    "pops": "67f302cf362c8771ff2f575b"
  },
  {
    "_id": "67ef56f389e17a6e9fa6bbfe",
    "negative_trait": "Irksome",
    "founding_nation": "67ef712c98867826cf796306",
    "preferred_terrain": "Hazardous",
    "name": "Ryongsa",
    "positive_trait": "Magical"
  },
  {
    "_id": "67ef570589e17a6e9fa6bc00",
    "negative_trait": "Clumsy",
    "founding_nation": "67f22261609d94b514613704",
    "preferred_terrain": "Mountain",
    "name": "Shardlings",
    "positive_trait": "Airborne",
    "pops": "67f306f6362c8771ff2f57f1"
  },
  {
    "_id": "67ef571889e17a6e9fa6bc02",
    "negative_trait": "Infertile",
    "founding_nation": "",
    "preferred_terrain": "Plains",
    "name": "Sithid",
    "positive_trait": "Docile"
  },
  {
    "_id": "67ef572689e17a6e9fa6bc04",
    "negative_trait": "Hydrophobic",
    "founding_nation": "67f21e22609d94b5146136e0",
    "preferred_terrain": "Plains",
    "name": "Skiithar",
    "positive_trait": "Fecund",
    "pops": "67f2fccfaf8ba078d9f5fe04"
  },
  {
    "_id": "67ef573489e17a6e9fa6bc06",
    "negative_trait": "Insatiable",
    "founding_nation": "67f21c7b9ddc76f881f9e63f",
    "preferred_terrain": "Forest",
    "name": "Skoroi",
    "positive_trait": "Curious",
    "pops": "67f2f982af8ba078d9f5fd80"
  },
  {
    "_id": "67ef576389e17a6e9fa6bc08",
    "negative_trait": "Clumsy",
    "founding_nation": "67f21f39609d94b5146136ea",
    "preferred_terrain": "Hill",
    "name": "Stouten",
    "positive_trait": "Sturdy",
    "pops": "67f30585362c8771ff2f57bc"
  },
  {
    "_id": "67ef577889e17a6e9fa6bc0a",
    "negative_trait": "Meek",
    "founding_nation": "67f221a4609d94b5146136fe",
    "preferred_terrain": "River",
    "name": "Taksi",
    "positive_trait": "Semi-Aquatic",
    "pops": "67f30579362c8771ff2f57ae"
  },
  {
    "_id": "67ef578989e17a6e9fa6bc0c",
    "negative_trait": "Meek",
    "founding_nation": "67f21a3e9ddc76f881f9e62d",
    "preferred_terrain": "Forest",
    "name": "Teddy Bears",
    "positive_trait": "Charismatic",
    "pops": "67f2f6b7af8ba078d9f5fd45"
  },
  {
    "_id": "67ef57b389e17a6e9fa6bc0f",
    "negative_trait": "Meek",
    "founding_nation": "67ef6eba98867826cf7962fe",
    "preferred_terrain": "Desert",
    "name": "Thumpkins",
    "positive_trait": "Lucky"
  },
  {
    "_id": "67ef57ca89e17a6e9fa6bc11",
    "negative_trait": "Infertile",
    "founding_nation": "",
    "preferred_terrain": "Mountain",
    "name": "Transhuman",
    "positive_trait": "Venerable"
  },
  {
    "_id": "67ef580c690147f64b5a828f",
    "founding_nation": "",
    "preferred_terrain": "River",
    "name": "Trygar",
    "negative_trait": "Dim",
    "positive_trait": "Aquatic"
  },
  {
    "_id": "67ef5823690147f64b5a8291",
    "founding_nation": "67f219f29ddc76f881f9e62b",
    "preferred_terrain": "Forest",
    "name": "Ursiline",
    "negative_trait": "Rowdy",
    "positive_trait": "Aggressive",
    "pops": "67f2dd4baf8ba078d9f5fc99"
  },
  {
    "_id": "67ef5838690147f64b5a8293",
    "founding_nation": "67f21ebf609d94b5146136e6",
    "preferred_terrain": "Forest",
    "name": "Whisperfolk",
    "negative_trait": "Fleeting",
    "positive_trait": "Docile",
    "pops": "67f30024362c8771ff2f56cb"
  },
  {
    "_id": "67ef584c690147f64b5a8295",
    "founding_nation": "67ef703c98867826cf796304",
    "preferred_terrain": "Forest",
    "name": "Zrietas",
    "negative_trait": "Mundane",
    "positive_trait": "Charismatic"
  },
  {
    "_id": "67ef78e398867826cf796324",
    "preferred_terrain": "Plains",
    "positive_trait": "Charismatic",
    "name": "Tak-sa-lotl",
    "negative_trait": "Rowdy",
    "founding_nation": "67ef7e63e311e8b3699a1b1c",
    "pops": "67f1d51ef8544b5fac9cf910"
  },
  {
    "_id": "67ef790098867826cf796326",
    "preferred_terrain": "Tundra",
    "positive_trait": "Industrious",
    "name": "Lusari",
    "negative_trait": "Rowdy",
    "founding_nation": ""
  },
  {
    "_id": "67ef791598867826cf796328",
    "preferred_terrain": "Plains",
    "positive_trait": "Swift",
    "name": "Maiken",
    "negative_trait": "Frail",
    "founding_nation": ""
  },
  {
    "_id": "67ef792798867826cf79632a",
    "preferred_terrain": "Mountain",
    "positive_trait": "Venerable",
    "name": "Dawi",
    "negative_trait": "Slow",
    "founding_nation": "67ef800de311e8b3699a1b22",
    "pops": "67f1d5d7f8544b5fac9cf92c"
  },
  {
    "_id": "67f0b66384cf1dc0bf4ffb37",
    "founding_nation": "",
    "positive_trait": "Venerable",
    "negative_trait": "Infertile",
    "name": "Shokusha",
    "preferred_terrain": "Hazardous"
  },
  {
    "_id": "67f2162cd3754846a6be80c9",
    "founding_nation": "67f216a6d3754846a6be80d0",
    "name": "Al'Trox",
    "preferred_terrain": "Tundra",
    "positive_trait": "Courageous",
    "negative_trait": "Infertile",
    "pops": "67f2b176af8ba078d9f5fbb2"
  },
  {
    "_id": "67f8b030dadac9e77c5a7fe2",
    "name": "Minotaur",
    "founding_nation": "67f8b0f7dadac9e77c5a7fe6",
    "positive_trait": "Courageous",
    "negative_trait": "Infertile",
    "preferred_terrain": "Plains"
  },
  {
    "_id": "67f93748ff6f49deceab6732",
    "name": "Rivonii",
    "founding_nation": "67f8b215dadac9e77c5a7fe9",
    "positive_trait": "Industrious",
    "negative_trait": "Acrophobia",
    "preferred_terrain": "Plains"
  },
  {
    "_id": "6801e102fb8bef2a70c360e9",
    "name": "Clawbringers",
    "founding_nation": "6801e5b1fb8bef2a70c36181",
    "positive_trait": "Venerable",
    "negative_trait": "Irksome",
    "preferred_terrain": "Forest",
    "pops": []
  },
  {
    "_id": "6801e10efb8bef2a70c360eb",
    "name": "Ulitharids",
    "founding_nation": "6801e89ba39a3e1b787aea31",
    "positive_trait": "Magical",
    "negative_trait": "Insatiable",
    "preferred_terrain": "Mountain",
    "pops": []
  },
  {
    "_id": "6801e114fb8bef2a70c360ed",
    "name": "Leonine",
    "founding_nation": "6801e957a39a3e1b787aea37",
    "positive_trait": "Aggressive",
    "negative_trait": "Insatiable",
    "preferred_terrain": "Desert",
    "pops": []
  },
  {
    "_id": "6801e11bfb8bef2a70c360ef",
    "name": "Fleshbound",
    "founding_nation": "6801e9b0a39a3e1b787aea39",
    "positive_trait": "Industrious",
    "negative_trait": "Irksome",
    "preferred_terrain": "Forest",
    "pops": []
  },
  {
    "_id": "6801e123fb8bef2a70c360f1",
    "name": "Hitsujina",
    "founding_nation": "6801eb07a39a3e1b787aea3b",
    "positive_trait": "Docile",
    "negative_trait": "Meek",
    "preferred_terrain": "Plains",
    "pops": []
  },
  {
    "_id": "6801e135fb8bef2a70c360f4",
    "name": "Coral Ents",
    "founding_nation": "6801eb8ca39a3e1b787aea3d",
    "positive_trait": "Industrious",
    "negative_trait": "Slow",
    "preferred_terrain": "Forest",
    "pops": []
  },
  {
    "_id": "6801e14ffb8bef2a70c360f6",
    "name": "Saltwalkers",
    "founding_nation": "6801eefba39a3e1b787aea53",
    "positive_trait": "Abstemious",
    "negative_trait": "Frail",
    "preferred_terrain": "Desert",
    "pops": []
  },
  {
    "_id": "6801e157fb8bef2a70c360f8",
    "name": "Vampire Bats",
    "founding_nation": "6801f0b3a39a3e1b787aea63",
    "positive_trait": "Airborne",
    "negative_trait": "Rowdy",
    "preferred_terrain": "Plains",
    "pops": []
  },
  {
    "_id": "6801f2f9a39a3e1b787aea78",
    "name": "Finskim",
    "founding_nation": "6801f2f1a39a3e1b787aea76",
    "positive_trait": "Aggressive",
    "negative_trait": "Dim",
    "preferred_terrain": "Tundra",
    "pops": []
  },
  {
    "_id": "6801f434a39a3e1b787aea81",
    "name": "Skippers",
    "founding_nation": "6801f459a39a3e1b787aea83",
    "positive_trait": "Swift",
    "negative_trait": "Fleeting",
    "preferred_terrain": "Tundra",
    "pops": []
  }
]