[
  {
    "_id": "67ef6b3198867826cf7962eb",
    "current_event": "",
    "name": "Frigid Caps"
  },
  {
    "_id": "67ef6b5098867826cf7962ed",
    "current_event": "",
    "name": "Sentinel's Watch"
  },
  {
    "_id": "67ef6b5c98867826cf7962ef",
    "current_event": "",
    "name": "Shatterlands"
  },
  {
    "_id": "67ef6b6398867826cf7962f1",
    "current_event": "",
    "name": "Wild Reach"
  },
  {
    "_id": "67ef6b6c98867826cf7962f3",
    "current_event": "",
    "name": "Golden Expanse"
  },
  {
    "_id": "67ef6b7598867826cf7962f5",
    "current_event": "",
    "name": "Verdant Plains"
  },
  {
    "_id": "67ef6c8a98867826cf7962f8",
    "current_event": "",
    "name": "Twilight Mire"
  }
]