[
  {
    "_id": "67f36296bc242a1756343260",
    "era_created": "Ancient",
    "name": "Latent Gateway",
    "creator_nation": "67f2118bdc0e88336011dfa9",
    "owner_nation": "67f2118bdc0e88336011dfa9",
    "effect_description": "All nations within 15 hexes (Per Era) of the Latent Gateway, who also have a Non-aggression pact with its owner may construct a unique district called a Latent Pylon. Leaving this area, or losing the pact disables the Latent Pylon.\r\n\r\nAll nations with Latent Pylons decrease the trade risk of trading with other nations with it by 30%, to a minimum of 1%, by paying a tax to the owner of the Latent Gateway of $5 (Per Era), per resource traded.\r\n \r\nThe district also generates 1 Nation Magic Point, and exists within the capital city.\r\n\r\nLatent Pylon Cost: 1 Wood (Per Era), 1 Stone (Per Era), and 1 Magic Point\r\n\r\nThe owner of the Latent Gateway, or their overlord may move a unit through the Latent Gateway as if it were the Portal spell to any of the Latent Pylons by paying $50 (Per Era), rounded to the nearest $5, per unit.\r\n\r\nThe owner of the Latent Gateway gains 1 Magic Point Production per three Latent Pylon districts constructed in the world.\r\n\r\nOnly three Latent Pylons can be constructed at a time (per era).\r\n\r\nNations Connected Via the Latent Gateway:\r\nCaalaatti Barbaadaa\r\nKusa Pact\r\nTaksilar\r\nIllyra-Alo\r\nTychi",
    "legacy_status": false,
    "external_modifiers": [
      {
        "type": "nation",
        "modifier": "magic_production",
        "value": 1
      }
    ]
  },
  {
    "_id": "67f366cd85c3146077f1076f",
    "creator_nation": "67f21a3e9ddc76f881f9e62d",
    "name": "The Artifact Box",
    "era_created": "Ancient",
    "owner_nation": "67f21a3e9ddc76f881f9e62d",
    "effect_description": "The owner of this wonder, or anyone they allow, may at the start of a session deposit or withdraw artifacts from this wonder.\r\n\r\nThere are five artifact slots that will not be lost on character death, and increase the difficulty of them being stolen by one tier.\r\nThis is also one additional elite slot that cannot be lost on character death, or era transition. Additionally, it increases the difficulty of the artifact being stolen by two tiers.\r\n\r\nArtifacts in storage may not be used but may be upgraded at moderately decreased chances of success.\r\n\r\nOnly one Mythical artifact can be stored in The Artifact Box at a time.\r\n\r\nNormal Storage: (2/5)\r\n1.\r\n2.\r\n3.\r\n4.\r\n5.\r\n\r\nElite Storage: (0/1)\r\n1.  Obsidian Egg",
    "legacy_status": false,
    "external_modifiers": []
  },
  {
    "_id": "67f366f485c3146077f10771",
    "creator_nation": "67f221a4609d94b5146136fe",
    "name": "The Great Tide Creche",
    "era_created": "Ancient",
    "owner_nation": "67f221a4609d94b5146136fe",
    "effect_description": "The owner of this wonder gains (+2) Food production per session. \r\nOnce per session, the owner of this wonder may elect to spend 10 (12) Food to increase its innate food production by 1, to a maximum of +10.\r\nThe cost to increase the production of the wonder increases by 2 each time it is upgraded.\r\nAdditionally, the owner of this wonder gains moderately increased chances of success when attempting to create a pop.\r\n\r\nIf the Great Tide Creche is sacked, its Food production is reduced by 3, to a minimum of 1.",
    "legacy_status": false,
    "external_modifiers": [
      {
        "type": "nation",
        "modifier": "food_production",
        "value": 2
      }
    ]
  },
  {
    "_id": "67f3670785c3146077f10773",
    "creator_nation": "67f21ff9609d94b5146136f0",
    "name": "Tolay's Ritual Ziggaraut",
    "era_created": "Ancient",
    "owner_nation": "67f21ff9609d94b5146136f0",
    "effect_description": "The owner of this wonder may sacrifice a pop to gain a significant random bonus effect, which lasts 2d4-1 sessions.\r\n\r\nGain 15 Infamy for each pop sacrificed.\r\n\r\nAll checks to convert Tolay Speaker's pops suffer moderately decreased chances of success.\r\n\r\nAdditionally, during wars in which a pop may be lost or gained by the owner of this wonder all units gain the following bonuses:\r\n\r\n+2 Attack and Defense\r\n+1 HP (Per Era)\r\n+1 Damage\r\n+1 Morale\r\n+1 Speed\r\n\r\nAll of the above bonuses are doubled during wars where the owner of this wonder will be annexed or vassalized.",
    "legacy_status": false,
    "external_modifiers": []
  },
  {
    "_id": "67f3671b85c3146077f10775",
    "creator_nation": "67e06714d0c984f82323e43c",
    "name": "Leyline Amplifier",
    "era_created": "Ancient",
    "owner_nation": "67e06714d0c984f82323e43c",
    "effect_description": "The progress quest requirement for creating magic nodes for the owner of this wonder increases by 2 per Magic node, instead of other nodes.\r\n\r\nThe owner of this wonder gains 2 effective territory per magic node you control.",
    "legacy_status": false,
    "external_modifiers": [
      {
        "type": "nation",
        "modifier": "effective_territory_per_magic_node",
        "value": 2
      }
    ]
  },
  {
    "_id": "67f3672d85c3146077f10777",
    "creator_nation": "67ef764198867826cf796318",
    "name": "Great Library of Tychi",
    "era_created": "Ancient",
    "owner_nation": "67ef764198867826cf796318",
    "effect_description": "The owner of this wonder gains the Curious and Magical positive racial traits, as well as the Craven negative racial trait.\r\n\r\nThe owner of this wonder must pay 1 wood upkeep, plus 1 additional wood upkeep for every 4 pops they have.",
    "legacy_status": false,
    "external_modifiers": [
      {
        "type": "nation",
        "modifier": "tech_cost",
        "value": -1
      },
      {
        "type": "nation",
        "modifier": "tech_cost_minimum",
        "value": 2
      },
      {
        "type": "nation",
        "modifier": "spell_cost",
        "value": -1
      },
      {
        "type": "nation",
        "modifier": "spell_cost_minimum",
        "value": 2
      },
      {
        "type": "nation",
        "modifier": "unit_morale",
        "value": -1
      },
      {
        "type": "nation",
        "modifier": "unit_morale_minimum",
        "value": 1
      },
      {
        "type": "nation",
        "modifier": "wood_consumption",
        "value": 1
      },
      {
        "type": "nation",
        "modifier": "wood_consumption_per_pops",
        "value": 4
      }
    ]
  },
  {
    "_id": "67f3674085c3146077f10779",
    "creator_nation": "67ef703c98867826cf796304",
    "name": "Accademia Militare Sforza",
    "era_created": "Ancient",
    "owner_nation": "67ef703c98867826cf796304",
    "effect_description": "Military Education\r\n+2 Strategy for the owner of this Wonder, this is increased to +3 in Defensive wars with size of Major or Total.\r\n\r\nThis bonus is reduced to +1 Strategy and +2 in Defensive wars with size of Major or Total to all nations with a Military Alliance pact with the owner of this wonder.\r\n\r\nThe owner of the Wonder will gain slightly increased chances of success on all rolls to increase unit cap, train unit or raise unit morale.\r\n\r\nWargames and Troop Inspection\r\nEvery 3 sessions the owner of the Academy gets a mandatory mech RP to check the quality of the troops and train generals to implement the latest doctrine (DC 20 Strategy)\r\n\r\n- Critical Failure = All Mundane Units suffer -2 Defense for the remainder of the era. (Max -5)\r\n\r\n- Failure = All Mundane Units suffer -1 Defense for the remainder of the era. (Max -5)\r\n\r\n- Success =  All Mundane Units gain +1 Attack for the remainder of the era. (Max +5)\r\n\r\nPraetorian Guard \r\nAt the start of each age the owner of the Academy gets a mandatory mech RP to reaffirm the loyalty of the guard. (DC 25)\r\n\r\n- Critical Failure = An instant abysmal civil war occurs, and the stability of the non-rebelling nation is reduced to Unsettled if higher. If a civil war were to occur due to this, the rebelling nation is the owner of the Wonder.\r\n\r\n- Failure = Lose a level of stability and another each session until a DC 30 Strategy Check mech-rp is made, starting next session. Lose access to all positive effects from this wonder, until this is remedied. If a civil war were to occur due to this, the rebelling nation is the owner of the Wonder.\r\n\r\n- Success = Nothing occurs.\r\n\r\n- Critical Success = A random mundane unit from this era is recruited for free.\r\n\r\nIf this Wonder is Sacked: The owner of this wonder lowers their strategy by 5 until it is rebuilt.",
    "legacy_status": false,
    "external_modifiers": [
      {
        "type": "character",
        "modifier": "strategy",
        "value": 3
      },
      {
        "type": "nation",
        "modifier": "attack",
        "value": 0
      },
      {
        "type": "nation",
        "modifier": "defense",
        "value": 0
      }
    ]
  },
  {
    "_id": "67f3675a85c3146077f1077b",
    "creator_nation": "67ef774c98867826cf79631c",
    "name": "Xuros Obelisk",
    "era_created": "Ancient",
    "owner_nation": "67ef774c98867826cf79631c",
    "effect_description": "At the start of each session, the owner of the Xuros Obelisk may choose to store nation magic points within the obelisk, spending them at will to perform any of the following actions.\r\n\r\nRecover (10): Friendly nation spell is rerolled, new result must be taken. May only be used once per spell.\r\n\r\nRepulse (10): Hostile spell is forced to reroll, new result must be taken. May only be used once per spell.\r\n\r\nRepel (10): A chosen non-ruler unit within or adjacent to the borders of this nation is teleported 2d6 hexes in the opposite direction of the wonder. This cannot teleport them into hostile terrain.\r\n\r\nShield (10): Target unit gains a +5 Defense bonus on their next roll this war session, exceeding cap.\r\n\r\nEmpower (10): Target unit gains a +5 Attack bonus on their next roll this war session, exceeding cap.\r\n\r\nDestroy (10): Target non-ruler unit has a 50% chance of being destroyed, and a 50% chance to be reduced to half their HP maximum, rounded up. This may be used once per war session, and must be used at the start of the war session.\r\n\r\nEmbolden (10): Target unit gains +1 Speed, Armor, HP, Damage, Retaliation Damage, and Morale; and gains the Magical special trait. Increase this cost to 20 when cast on Ruler units. This does not stack.\r\n\r\nObliterate (15): Prior to a war session's start, select 2d6 hexes. These hexes cannot be entered by any units during the war session. This cannot be used to completely surround any district, wonder or city, cannot be placed in another nation's territory, and cannot be placed on a district, wonder, or city.\r\n\r\nVision (15): Instantly gain 2d10 temporary karma. \r\n\r\nUplift (70): This wonder gains an additional effect, and it's storage and production grow as well.\r\n\r\nThe Xuros Obelisk currently generates (3) MP a session, placed into storage.\r\n\r\nCurrent Storage: (3/70)\r\n\r\nMagic points can never be withdrawn from the Obelisk",
    "legacy_status": false,
    "external_modifiers": []
  },
  {
    "_id": "67f3679085c3146077f1077d",
    "creator_nation": "67ef725298867826cf79630a",
    "name": "Mirror City",
    "era_created": "Ancient",
    "owner_nation": "67ef725298867826cf79630a",
    "effect_description": "The owner of the Mirror City gains the following effects:\r\n\r\n+1 effective pop capacity per era\r\n+1 City Capacity\r\n\r\nAdditionally, the owner of the wonder, or any willing characters may enter on expeditions into the N'th dimension.\r\nThe owner may temporarily sacrifice a pop into the wonder and choose the length of the expedition. This will determine the length of time the pop is gone, the risk, and the rewards:\r\n\r\nShort Expedition: Minor Risk / Minor Rewards / 1d2 (Min 1) Sessions\r\nMedium Expedition: Moderate Risk / Moderate Rewards / 1d2+1 Sessions\r\nLong Expedition: Great Risk / Great Rewards / 1d2+2 Sessions\r\n\r\nWhen characters engage in an expedition they lose the ability to perform mech-rps outside of the expedition, receive specific goals to complete, and receive Slow Aging until they exit the expedition, paying upkeep if possible. \r\n\r\nThe mech-rps that characters spend on the quest must align with the quest they are attending, failure to do so will result in an automatic failure of the mech-rp. Valid mech-rps should still have bonuses outside of the quest. \r\nFor example, on a quest to \"Map the Mirror City\" would require mech-rps to \"gather intel and supplies\", \"go exploring\" or \"mark down maps\"; attempting to gather stone or improve relations will not do. \r\n\r\nThey may enter on any of the below quests, which can be randomly generated by the owner spending 3 Nation Magic Points. On quest completion, the character(s) on the expedition would gain a majority of the rewards, with the owner gaining a smaller reward as well.\r\n\r\nOrganizations whose characters are within the expeditions still function as normal.\r\n\r\nThere is a 10% chance that any quest made will be a \"Phuf\u00e8ad\u00fa Quest\". As the True Custodian of the Mirror City, his quests are always Long, with Great risks, but hold much greater rewards than any other quest. \r\n\r\nQuests (1/5):\r\n\r\n\r\n\r\n(COMPLETED) Map the Mirror City: Minor Risk / Minor Rewards / Short Length (1d2+1 Successful Mech-rps)\r\n(COMPLETED) Rescue the Local Palorthin: Moderate Risk / Moderate Rewards / Moderate Length (1d2+2 Successful Mech-rps)\r\n(COMPLETED) Slay the Void Heretic: Great Risk / Moderate Rewards / Short Length (1d2+1 Successful Mech-rps)\r\n",
    "legacy_status": false,
    "external_modifiers": [
      {
        "type": "nation",
        "modifier": "effective_pop_capacity",
        "value": 3
      },
      {
        "type": "nation",
        "modifier": "city_slots",
        "value": 1
      }
    ]
  },
  {
    "_id": "67f367cb85c3146077f10780",
    "creator_nation": "67ef73fc98867826cf796310",
    "name": "Crystal Bastion",
    "era_created": "Ancient",
    "owner_nation": "67ef73fc98867826cf796310",
    "effect_description": "Grants the owner, their vassals, and their direct military allies immunity from all hostile effects of the pylons and their destruction.\r\n\r\nAdditionally, the owner gains one administration, and moderately increased chances of success on all attempts to increase stability.",
    "legacy_status": false,
    "external_modifiers": [
      {
        "type": "nation",
        "modifier": "administration",
        "value": 1
      }
    ]
  },
  {
    "_id": "67f367df85c3146077f10782",
    "creator_nation": "67ef749f98867826cf796312",
    "name": "Pathfinder's Lodge",
    "era_created": "Ancient",
    "owner_nation": "67ef749f98867826cf796312",
    "effect_description": "The owner of the Pathfinder's Lodge gains an Adventurer Faction of the same name. This faction will never act against its owner, may never Incite Rebellion / Seize Control, and will always return after one session if destroyed. Additionally, both of their unique faction actions that the nation can use are boosted, as per below:\r\n\r\nCreate Quest: The Faction will always dedicate as many mech-rps as possible to the quest, along with purchasing additional mech-rps if neccessary. They will never refuse a quest, unless that quest will actively harm them, or the nation.\r\n\r\nSummon Hero: The hero summoned from this faction will have their bonus changed from \"Very Powerful\" to \"Tremendously Powerful\". Additionally, by spending $500 (Per Era), the hero can be given Slow Aging, this must be spent before the bonus is created.\r\n\r\nThe above characters may never have slow aging or stop aging cast on them (excluding the slow aging gained by spending money), and can never have their lifespan increased in any way.",
    "legacy_status": false,
    "external_modifiers": []
  },
  {
    "_id": "67f367f185c3146077f10784",
    "creator_nation": "67ef72db98867826cf79630c",
    "name": "Ethereal Spawning Pools",
    "era_created": "Ancient",
    "owner_nation": "67ef72db98867826cf79630c",
    "effect_description": "Gain moderately increased chances of success on starting Pop Growth Quests\r\n\r\nPops from Pop Growth Quests will always be Axolotl Race and Religion\r\n\r\nGains Fecund Trait\r\n\r\nIf Sacked, prevent all Pop Growth Quests for the rest of the Age; if all are already completed, prevent all for the next age instead.",
    "legacy_status": false,
    "external_modifiers": []
  },
  {
    "_id": "67f3680b85c3146077f10786",
    "creator_nation": "67ef784498867826cf796320",
    "name": "Grand Necropolis",
    "era_created": "Ancient",
    "owner_nation": "67ef784498867826cf796320",
    "effect_description": "At the start of each war, the owner of the Grand Necropolis gains 2d2 Undead Army Units. These units do not despawn at the end of the war session.",
    "legacy_status": false,
    "external_modifiers": []
  },
  {
    "_id": "67f3681c85c3146077f10788",
    "creator_nation": "67ef78be98867826cf796322",
    "name": "Firefather's Pyre",
    "era_created": "Ancient",
    "owner_nation": "67ef78be98867826cf796322",
    "effect_description": "During a session, the owner of the Firefather's Pyre can place Wood into it. This Wood cannot be removed and destroys itself at a rate of 2 a session.\r\n\r\nThree times a session, the owner of the Firefather's Pyre can cast spells using the Wood within the wonder, at a rate of 2 Wood to 1 Nation Magic Point.\r\n\r\nAlternatively, sacrificing a pop will count as sacrificing 15 Wood into the wonder.\r\n\r\nWood Stockpile: ?/20",
    "legacy_status": false,
    "external_modifiers": []
  },
  {
    "_id": "67f3682f85c3146077f1078a",
    "creator_nation": "67ef71c898867826cf796308",
    "name": "Grand Archive of Sapieni-Nabu",
    "era_created": "Ancient",
    "owner_nation": "67ef71c898867826cf796308",
    "effect_description": "Rulers start at age 0 and gain no bonuses from this wonder.\r\n\r\nOnce the ruler has reached adulthood they gain the following: A third strength, -1 DC tier for all trainings and +1 research point production.",
    "legacy_status": false,
    "external_modifiers": [
      {
        "type": "nation",
        "modifier": "research_production_with_adult_leader",
        "value": 2
      }
    ]
  },
  {
    "_id": "67f3684585c3146077f1078c",
    "creator_nation": "67f21e01609d94b5146136de",
    "name": "Palms of Tn'kaneid",
    "era_created": "Ancient",
    "owner_nation": "67f21e01609d94b5146136de",
    "effect_description": "The owner of this wonder gains significantly increased chances of success when attempting to religiously convert a foreign nation that already shares their primary religion.\r\n\r\nAll pops created by the owner of this wonder are always of the primary religion, and all pops gained via other methods have a 50% chance of adopting the religion.\r\n\r\nEach session, there is a 25% chance that a random nearby pop converts to the owner's primary religion.",
    "legacy_status": false,
    "external_modifiers": []
  },
  {
    "_id": "67f3685685c3146077f1078e",
    "creator_nation": "67ef6eba98867826cf7962fe",
    "name": "The Transcendent Forge",
    "era_created": "Ancient",
    "owner_nation": "67ef6eba98867826cf7962fe",
    "effect_description": "The owner of this wonder may sacrifice artifacts into this wonder in order to melt them down into \"Raw Material\". This Raw Material may be used as a substitute for progress points in order to upgrade or create non-mythical artifacts.\r\n\r\nIn order to melt an artifact down into Raw Material, it must be placed into the wonder for a certain amount of time. Only two artifacts may be in the process of melting down, and it takes an amount of sessions, and grants an amount of Raw Material equal to the below list:\r\n\r\nMundane: 1 Session (2 Raw Materials)\r\n Good: 1 Session (4 Raw Materials)\r\nGreat: 1 Sessions (7 Raw Materials)\r\nLegendary: 2 Sessions (12 Raw Materials)\r\nMythical: 3 Sessions (28 Raw Materials)\r\n\r\nThere is also only one slot for an artifact being made, or upgraded at one time. Once an artifact is placed inside the wonder in order to be upgraded, it cannot be used, worked on by mech-rps, or removed until it is done.\r\n\r\nThis wonder cannot function without the Hamner of Creation equipped by its owner. If it is lost, it will be returned to the owner in 1d8 sessions, twice this if it is destroyed. If it is stolen or unequipped, the wonder will go inert until it is recovered and reequipped.\r\n\r\nAll artifacts created in this wonder have a 10% chance of being of a quality higher than expected.\r\n\r\nUpon artifact creation, the owner can risk a 20% chance of destruction to grant the artifact a random additional effect.\r\n\r\nAdditionally, this wonder does not function without the (Forge) district, and consumes 1d4+1 (Bronze) each session. Failure to meet this will render the wonder unusable for 1d2+2 sessions.\r\n\r\nThe wonder may hold up to 30 Raw Materials at a time, and will generate one a session.\r\n\r\n(4/30)\r\n\r\nArtifact 1 currently being melted: \r\nStarted melting: \r\n\r\nArtifact 2 currently being melted: \r\nStarted melting: ",
    "legacy_status": false,
    "external_modifiers": []
  },
  {
    "_id": "67f3686985c3146077f10790",
    "creator_nation": "67f21e91609d94b5146136e4",
    "name": "The Crystal Caverns",
    "era_created": "Ancient",
    "owner_nation": "67f21e91609d94b5146136e4",
    "effect_description": "The owner of this wonder increases their maximum pop capacity by (2). This can be increased by 1 via a (5) Progress Quest. \r\nThe progress required for each quest increases by 5 each time it is used, up to a maximum of 6 maximum pop capacity.",
    "legacy_status": false,
    "external_modifiers": [
      {
        "type": "nation",
        "modifier": "effective_pop_capacity",
        "value": 1
      }
    ]
  }
]