[
  {
    "_id": "67f575d13ea41ff4f8ea83ca",
    "name": "Mirror of Transcendence",
    "owner": "67fb22f12240b9a1684bb7ec",
    "effect_description": "Once per session the wielder of the Mirror of Transcendence may gaze into it, revealing their inner most struggles, strengths, trials and tribulations.\r\n\r\nAfter gazing into the Mirror of Transcendence, the user will create a copy of themselves devoid of all weakness, and swap places with them.  For the duration of that session, the following will occur:\r\n\r\n- All negative attributes will flip, becoming positive.\r\n- The character will receive a free use of foresight for each mech-rp rolled this session.\r\n- If this character were to die, the original copy will leave the Mirror of Transcendence at Bedridden.\r\n\r\nEach time the wielder gazes into the Mirror, there is a 5% chance that a woefully negative copy will be made. In this case, four mech-rps will have their effects made entirely negative, and decided by the random roll of an admin. \r\n Foresight must be used on failures. This chance increases by 5% each time it fails, resetting when it occurs. [Current Chance: 35%]  This chance cannot be reduced by any means, other than it occuring.  AI nations or characters cannot be convinced to use the Mirror of Transcendence after it reaches 25% chance or higher.\r\n\r\n\"The image I see within is clearer than I've ever seen. It is me, or rather, the most perfect version of me.\"",
    "creator": "",
    "rarity": "Mythical",
    "districts": [],
    "external_modifiers": []
  },
  {
    "_id": "67f576283ea41ff4f8ea83cd",
    "name": "Seed of Destiny",
    "owner": "67fb2d610761f268a3ecf8de",
    "effect_description": "Once per war session, the wielder of the Seed of Destiny may sacrifice a unit at full HP in order to heal all other non-ruler units by half HP, rounded up.  When this occurs, the wielder also reduces their Food storage by 2d4+1, which causes the loss of a level of stability if their storage is reduced to 0.  If a mercenary company were to use this instead, they suffer an immediate 50% chance to lose a level of renown.",
    "creator": "",
    "rarity": "Legendary",
    "external_modifiers": []
  },
  {
    "_id": "67f576d33ea41ff4f8ea83cf",
    "name": "Administrators Codex",
    "owner": "67fb22f12240b9a1684bb7ec",
    "effect_description": "The wielder of this artifact increases their effective territory by 5 (per era), and gains an additional vassal slot.\r\n\r\nAll expansions are made at a DC higher.",
    "creator": "",
    "rarity": "Legendary",
    "external_modifiers": []
  },
  {
    "_id": "67f577153ea41ff4f8ea83d1",
    "name": "Crown of Unbreakable Oaths",
    "owner": "67fb2d610761f268a3ecf8de",
    "effect_description": "The wielder of the Crown of Unbreakable Oaths may choose to forge an oath with a willing participant, free of all cohersion.\r\n\r\nIf the oath is not adhered to in spirit, the person that has not broken the oath may choose to either relinquish the promise, or punish the oathbreaker with the following effects:\r\n- They are reduced to Bedridden\r\n- All of their attributes are permanently reduced by 2 and\r\n- Their nation's stability is reduced by three tiers (this cannot start a civil war) / organizations decreased by two tiers (this cannot destroy the organization)\r\n\r\nOnly two oaths may be maintained at the same time.\r\n\r\nCurrent Oaths:\r\n-\r\n-\r\n\r\nAdditionally, all mercenary units under the control of the wielder of this Crown gain 1 HP and 1 Morale.",
    "creator": "",
    "rarity": "Legendary",
    "external_modifiers": []
  },
  {
    "_id": "67f577453ea41ff4f8ea83d3",
    "name": "Zalandria's Tear",
    "owner": "67fd5ac26d66ed6f7f361bd4",
    "effect_description": "Each time the wielder of Zalandra's Final Tear fails a mech-rp, this artifact gains a charge, up to a maximum of 5 charges.  Before any mech-rp, the wielder may sacrifice all charges in order to a gain a bonus to a single mech-rp equal to twice the charges, exceeding the +10 cap.  However, the wielder increases their chance of death per session by 5% per charge the artifact holds.",
    "creator": "",
    "rarity": "Legendary",
    "external_modifiers": []
  },
  {
    "_id": "67f5778e3ea41ff4f8ea83d5",
    "name": "Golden Owl Pendant",
    "owner": "Lost",
    "effect_description": "Once per session, the wielder of the Golden Owl Pendant may reroll one non-natural 20 or non-natural 1 mech-rp roll, taking the new result at moderately decreased chances of success.\r\n\r\nIf desired, the old roll may be saved, and stored within the Pendant. This stored roll may be assigned to any mech-rp during the next session, before any roll is made. If the stored roll is higher than 15, it may also be sacrificed to heal a health state for the wielder.\r\n\r\nCurrently Stored Roll: 19",
    "creator": "",
    "rarity": "Legendary",
    "external_modifiers": []
  },
  {
    "_id": "67f578ef3ea41ff4f8ea83d7",
    "name": "Blade of Athabasca",
    "owner": "67fb366e48b2fbf476b610d1",
    "effect_description": "The wielder of the Blade of Athabasca increases their Prowess by 1.\r\n\r\nAdditionally, once per session, at the start of a session, they may designate a single character or unit to be their Rival.  All rolls to attack, defend, or to duel roll twice and take the higher of the two; and all attacks made as a ruler unit against the Rival ignore all armor.\r\n\r\nIf the unit is not destroyed by the wielder personally, or the Rival does not lose at least one health state due to the wielder directly, the wielder is reduced to Bedridden.  If the wielder is already Bedridden, they die.",
    "creator": "",
    "rarity": "Legendary",
    "external_modifiers": []
  },
  {
    "_id": "67f579793ea41ff4f8ea83d9",
    "name": "Conqueror's Crown of Athabasca",
    "owner": "67fb2bf90761f268a3ecf8da",
    "effect_description": "The wielder of the Conqueror's Crown of Athabasca increases their Rulership and Magic by 1.\r\n\r\nAdditionally, once per session, by sacrificing a domestic unit above half their maximum HP rounded up, the wielder can automatically dispel a hostile spell, causing the original caster a magical malfunction automatically.\r\n\r\nAlternatively, that same unit can be sacrificed to simply cast Dispel on a non-hostile spell. Hostile is defined as a spell that is intended to harm, damage, or otherwise subdue the wielder or their ruler unit.",
    "creator": "",
    "rarity": "Legendary",
    "external_modifiers": []
  },
  {
    "_id": "67f579cf3ea41ff4f8ea83db",
    "name": "Arkhonic Gryphon",
    "owner": "67fb3f3148b2fbf476b610fb",
    "effect_description": "The wielder of the Arkhonic Gryphon gains the ability to summmon the unit of the same name at the start of war sessions, with strength and cost determined by era.\r\n\r\nThis unit may be summoned regardless, and does not take up a unit slot.\r\n\r\nIf this unit is destroyed in a war session, it cannot be resummoned the next session.",
    "creator": "",
    "rarity": "Legendary",
    "external_modifiers": []
  },
  {
    "_id": "67f57a2b3ea41ff4f8ea83dd",
    "name": "Gestalt Consciousness",
    "owner": "67fd8ebd1ab67cfe766b2c5b",
    "effect_description": "The wielder of the Gestalt Consciousness increases their Rulership, Cunning and Strategy by 2.\r\n\r\nAdditionally, once every other session gain a free use of Foresight on a Rulership, Cunning or Strategy mech-rp.\r\n\r\nHowever, reduce the elderly start time of the wielder by 1; 2 if the character is Venerable.\r\n\r\nThe wielder of this artifact cannot have their lifespan increased by any means.\r\n\r\nIf the character is already under the effects of Stop Aging or Slow Aging, equipping this artifact will end those spells.",
    "creator": "",
    "rarity": "Legendary",
    "external_modifiers": [
      {
        "type": "character",
        "modifier": "rulership",
        "value": 2
      },
      {
        "type": "character",
        "modifier": "cunning",
        "value": 2
      },
      {
        "type": "character",
        "modifier": "strategy",
        "value": 2
      },
      {
        "type": "character",
        "modifier": "elderly_age",
        "value": -1
      }
    ]
  },
  {
    "_id": "67f57a523ea41ff4f8ea83df",
    "name": "Sszdor Merchants",
    "owner": "Unknown",
    "effect_description": "At the start of each session, a d20 is rolled, and the wielder of this artifact gains the effects of the below roll:  1: Lose $250 (Per Era) 2-8: Nothing happens 9-15: Gain $125 (Per Era) 16-19: Gain $200 (Per Era) 20: Gain a random artifact, according to the following ratios (65% Mundane, 30% Good, 5% Great)  Additionally, if the Sszdor Merchants are ever lost, they may be automatically recovered by spending $1000 (Per Era)  Sszdor Merchants may be upgraded into a Mythical artifact by sacrificing $35,000 (Per Era) into them. ($0/$70,000)",
    "creator": "67fb063710d4775d8999470e",
    "rarity": "Legendary",
    "external_modifiers": []
  },
  {
    "_id": "67f57a843ea41ff4f8ea83e1",
    "name": "Nemesis Diagram",
    "owner": "680ac39ec75c6e0314f121f3",
    "effect_description": "At the start of a war session the wielder of the Nemesis Diagram may designate three units, which must include the ruler unit, to gain the magical special trait.  Additionally, all attempts to create a new unit gain moderately increased chances of success.  The Nemesis Diagram has a Character Magic upkeep of 1.",
    "creator": "",
    "rarity": "Legendary",
    "external_modifiers": []
  },
  {
    "_id": "67f57af13ea41ff4f8ea83e3",
    "name": "Tear of the Archon",
    "owner": "67fb283b0761f268a3ecf8d4",
    "effect_description": "At the start of a war session, the wielder of the Tear of the Archon may spend 1 nation magic point to instantly take control of any non-ruler/archon Void unit. Only one unit can be taken at a time.\r\n\r\nAdditionally, at the start of any war session, the wielder of the Tear of Archon may designate one friendly unit to become a Void Archon under their control. Only one Void Archon may exist in a war at a time.\r\n\r\nAt the end of a war session, there is a 5% chance the Void Archon becomes a hostile unit. Each time this unit attacks, substitutes its attack, or joins a battle, this chance increases by 5%. Before the chance is rolled, the user choose to sacrifice 2 Nation Magic to reduce the chance by 10%.",
    "creator": "",
    "rarity": "Legendary",
    "external_modifiers": []
  },
  {
    "_id": "67f57b253ea41ff4f8ea83e5",
    "name": "Void Parasite",
    "owner": "Unknown",
    "effect_description": "Once per mech-rp the wielder of the V\u0337o\u0336i\u0337d\u0334 Parasite may elect to draw upon the V\u0337o\u0336i\u0337d\u0334 Parasite, doing so switches your d20 with anything from a d15, to a d35, and any number in between. When used, the consequences of failure are made more dramatic. Additionally, the wielder of V\u0337o\u0336i\u0337d\u0334 Parasite has three random attributes increased by one.   The V\u0337o\u0336i\u0337d\u0334 Parasite does not take up an artifact slot, but if four artifacts are equipped including this one, it doubles their chance of death per session; to a minimum of 5%.\r\n\r\nCursed: V\u0337o\u0336i\u0337d\u0334 Parasite cannot be removed, and will not be automatically passed on upon death. Instead, it will seek a random host within the area, more than likely leading to the new heir.",
    "creator": "",
    "rarity": "Legendary",
    "external_modifiers": []
  },
  {
    "_id": "67f57b4e3ea41ff4f8ea83e7",
    "name": "Pheuxthae Pack",
    "owner": "Lost",
    "effect_description": "All non-ruler units gain a +1 Speed and +2 HP. ",
    "creator": "",
    "rarity": "Legendary",
    "external_modifiers": []
  },
  {
    "_id": "67f57b833ea41ff4f8ea83e9",
    "name": "Ancient Scholar",
    "owner": "Lost",
    "effect_description": "Once per session, the wielder of the Ancient Scholar may choose to reroll one mech-rp involving Cunning or Rulership, taking the new result.\r\n\r\nAdditionally, the Ancient Scholar produces 1d4-1 research points each session, placing them automatically in random technologies available to the wielder.\r\n\r\nBy spending five magic points, the wielder can increase this to 2d4+1.",
    "creator": "",
    "rarity": "Legendary",
    "external_modifiers": []
  },
  {
    "_id": "67f57ba43ea41ff4f8ea83eb",
    "name": "A Piece of the Fabric of Reality",
    "owner": "67fb2d610761f268a3ecf8de",
    "effect_description": "The wielder of the Piece of the Fabric of Reality increases their character magic point generation by 2, and their storage by 2.",
    "creator": "",
    "rarity": "Legendary",
    "external_modifiers": [
      {
        "type": "character",
        "modifier": "magic_point_capacity",
        "value": 2
      },
      {
        "type": "character",
        "modifier": "magic_point_income",
        "value": 2
      }
    ]
  },
  {
    "_id": "67f57bc63ea41ff4f8ea83ed",
    "name": "Helm of Antipathy",
    "owner": "Unknown",
    "effect_description": "The wielder of the Helm of Antipathy is made immune to all castings of Clairvoyance, and all attempts to gather information on their character or nation.\r\n\r\nAdditionally, once per age the wielder of this artifact may choose to perform all their mech-rps in secret, gaining slightly increased chances of success. This bonus is increased to moderately on subversive actions or trickery.",
    "creator": "",
    "rarity": "Legendary",
    "external_modifiers": []
  },
  {
    "_id": "67f57be53ea41ff4f8ea83ef",
    "name": "Dagger of Undeath",
    "owner": "67fb2d610761f268a3ecf8de",
    "effect_description": "The wielder of the Dagger of Undeath increases their ruler unit's melee damage by 1.\r\n\r\nAdditionally, if the wielder of this artifact were to destroy a unit in a battlefield, they may choose to spend 1 nation / character magic point in order to summon a friendly Undead Army unit in the same hex, lasting until the end of the battle.\r\n\r\nThe unit that wields this artifact automatically counts as melee (or cavalry if possible and desired), and has their range set to 1.",
    "creator": "",
    "rarity": "Legendary",
    "external_modifiers": []
  },
  {
    "_id": "67f57c013ea41ff4f8ea83f1",
    "name": "Soul of Arkrax",
    "owner": "Lost",
    "effect_description": "The wielder of the Soul of Arkrax may choose to cast spells through it. Doing so decreases their cost by 2, to a minimum of 2.  \r\n\r\nThere is a 10% chance each time a spell is cast through this artifact that Arkrax will secretly seize control of it, and may use the same amount of magic points to cast any spell available, potentially casting the same spell. This chance increases by 2% each time this chance fails to trigger; resetting when it is triggered.\r\n\r\nGiven that it is secret, the spell will always appear to have been cast by the original caster.  \r\n\r\n\"You think that you're rid of me? Hmph. You'll see just how patient a dragon of my age can be...\"",
    "creator": "",
    "rarity": "Legendary",
    "external_modifiers": []
  },
  {
    "_id": "67f57c1c3ea41ff4f8ea83f3",
    "name": "Dragon Slayer Olebex",
    "owner": "68066c164edaac1b95b3ff06",
    "effect_description": "The wielder of Dragon Slayer Olebex gains slightly increased chances of success on hostile rps against scaled creatures, and moderately increased chances of success against actual dragons.\r\n\r\nThe wielder also increases their prowess by 2, and their prowess cap by 1.\r\n\r\nAdditionally, the wielder may choose to use a mech-rp to find a dragon to hunt, once an age. These dragons will slowly scale in strength over time.\r\n\r\nEach time a dragon is killed, increase the above bonus and prowess cap by one.\r\n\r\nIf a dragon is respondible for the death of the wielder, this artifact is always lost.\r\n\r\nCurrent Dragons slain: 1\r\n\r\nThis weapon is sentient, and whenever natural 1 is rolled, one of the wielder's mech-rps for next session will be randomized completely, potentially being completely negative, but gain slightly increased chances of success on it as well.  This becomes significantly increased chances of success on mech-rps that are deemed negative for the wielder.  If the rp mod feels as though the player is intentionally sabotaging the success of the random mech-rp, they may force them to reroll and take the higher result.\r\n\r\n\"LET'S HUUUUUUUUUUUUUUUUUUUUUUUNT!\"",
    "creator": "",
    "rarity": "Legendary",
    "external_modifiers": [
      {
        "type": "character",
        "modifier": "prowess",
        "value": 2.0
      },
      {
        "type": "character",
        "modifier": "prowess_cap",
        "value": 1.0
      }
    ]
  },
  {
    "_id": "67f57c6c3ea41ff4f8ea83f5",
    "name": "Crystal of the Lumiran Staff",
    "owner": "67fb2bf90761f268a3ecf8da",
    "effect_description": "The wielder of the Crystal of the Lumiran increases their Character Magic storage by 8, and all attempts to gather character magic points automatically increase the amount gained by one.",
    "creator": "",
    "rarity": "Legendary",
    "external_modifiers": []
  },
  {
    "_id": "67f57c953ea41ff4f8ea83f7",
    "name": "Staff of the Lumiran Archmage",
    "owner": "67fb2bf90761f268a3ecf8da",
    "effect_description": "After a successful Dispel, the wielder of the Staff of Lumiran Archmage gains character magic points equal to a quarter of the magic point cost of the spell that is dispelled, rounded up. If this were to cause the wielder to go over their maximum magic point storage, they lose a health state. \r\n\r\nAdditionally, the wielder of this staff gains moderately increased chances of success when attempting to gather character magic points.",
    "creator": "67fb2bf90761f268a3ecf8da",
    "rarity": "Legendary",
    "external_modifiers": []
  },
  {
    "_id": "67f57cda3ea41ff4f8ea83f9",
    "name": "Staff of Enrichment",
    "owner": "67fb283b0761f268a3ecf8d4",
    "effect_description": " Once per age the wielder of the Staff of Enrichment may create a random node within the vicinity of your capital hex. Receive one additional progress upon a successful roll for node creation.",
    "creator": "",
    "rarity": "Legendary",
    "external_modifiers": []
  },
  {
    "_id": "67f57d123ea41ff4f8ea83fb",
    "name": "Soul of the Last Moondancer",
    "owner": "67fb22f12240b9a1684bb7ec",
    "effect_description": "Once per session the wielder of the Soul of the Last Moondancer may spend any amount of character magic points to gain a bonus to a roll equal to the amount of character magic points spent. \r\n\r\nIf at least four character magic points are spent on a mech-rp, the effects of Foresight are also given to the mech-rp.\r\n\r\nIf at least six character magic points are spent on a mech-rp, the total bonus cap of the mech-rp is increased by two. \r\n\r\nIf at least ten character magic points are spent on a mech-rp, the total bonus cap of the mech-rp is increased by two more. ",
    "creator": "",
    "rarity": "Legendary",
    "external_modifiers": []
  },
  {
    "_id": "67f57d583ea41ff4f8ea83fd",
    "name": "Scepter of Tn'kaneid",
    "owner": "67fb283b0761f268a3ecf8d4",
    "effect_description": "Once per session, you may cast the Clairvoyance spell at no Magic Point cost. \r\n\r\nMagic Malfunctions cannot occur from the use of this artifact.  \r\n\r\nTwice per age, when casting Clairvoyance through the scepter, you may act as though the roll was a natural 20, for the purposes of level of detail for information. \r\n\r\nWhen casting Clairvoyance through the scepter, no magical barrier, spell, or non-Legendary artifact may prevent it from working. ",
    "creator": "",
    "rarity": "Legendary",
    "external_modifiers": []
  },
  {
    "_id": "67f57d7f3ea41ff4f8ea83ff",
    "name": "Great Uqnia Shard",
    "owner": "67fb2bf90761f268a3ecf8da",
    "effect_description": "The wielder may summon two Uqnia Guardians at the start of any war session, counting against their total unit cap. \r\n\r\nThis artifact cannot be destroyed.   \r\n\r\nAdditionally, when a character first gains the Uqnia Shard, they must decide whether they are a Pylon Warden or Ravager. Gaining the following benefits depending on which they chose.   \r\n\r\nWardens\r\n - Gain moderately increased chances of success on all rolls related to protecting, or securing the pylons. \r\n - Increase one random attribute by one per Pylon that remains standing.\r\n - After securing a Pylon, gain a random powerful national effect.\r\n - Receive events related to protecting the Pylons.  \r\n\r\nRavagers \r\n - Gain moderately increased chances of success on all rolls related to destroying Pylons.\r\n - Increase three random attributes by one per Pylon that has been destroyed. The amount of attributes effected is doubled for rulers that have directly destroyed Pylons.\r\n - The wielder of this artifact gains the Slow Aging effect with no magical upkeep. This becomes the Stop Aging effect after a Pylon is destroyed.\r\n - Receive events related to destroying the Pylons.",
    "creator": "",
    "rarity": "Legendary",
    "external_modifiers": []
  },
  {
    "_id": "67f57dbc3ea41ff4f8ea8401",
    "name": "Hamner of Creation",
    "owner": "Lost",
    "effect_description": "While wielding the Hamner of Creation, gain moderately increased chances to create, upgrade or recover artifacts. \r\n\r\nAdditionally, all artifacts made while wielding the Hamner of Creation gain a 10% chance of being one Quality higher at creation, this stacks with the effects of the Artifactory. \r\n\r\nAdditionally, if an artifact is lost while this artifact is equipped, there is a 15% chance that it instead is not.",
    "creator": "",
    "rarity": "Legendary",
    "external_modifiers": []
  },
  {
    "_id": "67f57e383ea41ff4f8ea8403",
    "name": "Rungaingan Advisory Council",
    "owner": "Lost",
    "effect_description": "Once per session the wielder of the Rungainga Advisory Council may reroll a natural 1, taking the new result. Each time the above ability is used, a d6 is rolled on the below table of advisors. Depending on what advisor is rolled, you will receive a Normal quest to complete before the end of the session. If this quest is not completed in time, receive a -5 temporary Karma on your next event. If this quest is completed in time, receive a +2 temporary Karma on your next event. \r\n\r\nIf the rerolled 1 occurs on the last mech-rp of a session, the quest deadline is instead pushed back unto the end of the next session.  \r\n\r\n1: Minister of Bureaucracy and Development: Government Quest \r\n2: Minister of Culture and Education: Culture Quest  \r\n3: Minister of Foreign Relations: Diplomatic Quest \r\n4: Minister of Defense: War Quest \r\n5: Minister of Magical Affairs and Religion: Magic or Religious Quest \r\n6: Minister of Intelligence and Espionage: Espionage Quest",
    "creator": "",
    "rarity": "Great",
    "external_modifiers": []
  },
  {
    "_id": "67f57ecb3ea41ff4f8ea8405",
    "name": "Lushlands Guardian",
    "owner": "67fced586b75be3a2d346393",
    "effect_description": "Once per session, the wielder of the Lushlands Guardian may choose to unleash it on a nation or organization.\r\n\r\nThat nation or organization reduces one random mech-rp for the session by 2d4, this is increased to 2d4+1 versus nations or organizations that are actively at war with the wielder of this artifact.\r\n\r\nIf this artifact were to cause the mech-rp to fail, the character who failed loses a health state.\r\n\r\nThe same nation or organization can never be picked two sessions in a row.",
    "creator": "",
    "rarity": "Legendary",
    "external_modifiers": []
  },
  {
    "_id": "67f57f823ea41ff4f8ea8407",
    "name": "Cup of Niceties",
    "owner": "67fceb596b75be3a2d34638d",
    "effect_description": "Once per session the wielder of Cup of Niceties may spend 1 Magic Point, and a mech-rp, to speak a compliment into the cup.  If the mech-rp mod dictates that the cup is impressed with the compliment, the wielder increases their two lowest attributes by one, to a maximum of 1. If the cup is not impressed however, this bonus is halved.",
    "creator": "",
    "rarity": "Great",
    "external_modifiers": []
  },
  {
    "_id": "67f57fe33ea41ff4f8ea8409",
    "name": "Talon of Angelus",
    "owner": "680ac39ec75c6e0314f121f3",
    "effect_description": " During duels, the wielder of the Talon of Angelus increases all attributes by 1 and prowess by an additional 1. Additionally, they gain slightly increased chances of success on all attempts at making nodes.",
    "creator": "",
    "rarity": "Great",
    "external_modifiers": []
  },
  {
    "_id": "67f5801f3ea41ff4f8ea840b",
    "name": "Book of Markus",
    "owner": "67fd5ac26d66ed6f7f361bd4",
    "effect_description": "At the cost of $40, the wielder of the Book of Markus may increase their Export or Import capacity by 1 for the session. A maximum of $400 may be spent on this artifact per session.",
    "creator": "",
    "rarity": "Great",
    "external_modifiers": []
  },
  {
    "_id": "67f5807b3ea41ff4f8ea840d",
    "name": "Apron of the Songsmith",
    "owner": "67fb22f12240b9a1684bb7ec",
    "effect_description": "The owner of the Apron of the Songsmith reduces per session loss chance by half, rounded up.\r\n\r\nAdditionally, the wielder of this artifact may choose to suffer moderately decreased chances of success on an artifact creation or upgrade roll, in order to allow a free natural 1 reroll; this must be decided before any roll.",
    "creator": "",
    "rarity": "Legendary",
    "external_modifiers": []
  },
  {
    "_id": "67f580cc3ea41ff4f8ea840f",
    "name": "The Staff of Silver Feathers",
    "owner": "Lost",
    "effect_description": " Once per session, the wielder of the Staff of Silver Feathers may gift a nation or organization either one resource (per era), or $50 (per era).  After this gift is freely given, the wielder receives a random small nation bonus that lasts for the remainder of the session.  \r\n\r\nAlternatively, the wielder of the Staff of Silver Feathers may gift a nation or organization two resources (per era), or $100 (per era) to gain a moderate nation bonus that lasts for the remainder of the session.  \r\n\r\nNote that the effect of the Staff of Silver Feathers does not work if the gift is made to the same nation or organization twice in one age.",
    "creator": "",
    "rarity": "Great",
    "external_modifiers": []
  },
  {
    "_id": "67f5810f3ea41ff4f8ea8411",
    "name": "Coin of Fortune",
    "owner": "Lost",
    "effect_description": "Once per session, the wielder of the Coin of Fortune may flip the coin (1d2) after receiving the result of a personal mech-rp, this may only be done within 24-hours of the result being published, following the below chart.\r\n\r\nHeads (1): The effective strength of the result is 'doubled'. (Note that doubled is intended to be vague, not all cases will follow exactly double).\r\n\r\nTails (2): The result of the rp is nullified completely.\r\n\r\nIf this artifact ever comes up heads Heads ten times in a row, it becomes Legendary. If it comes up Tails ten times in a row, however, it drops to Good. ",
    "creator": "67fd5ac26d66ed6f7f361bd4",
    "rarity": "Great",
    "external_modifiers": []
  },
  {
    "_id": "67f5812f3ea41ff4f8ea8413",
    "name": "Corrupted Brain Stem",
    "owner": "67fd901e1ab67cfe766b2c61",
    "effect_description": "The wielder of the Corrupted Brain Stem increases their Cunning by 4, and their Cunning cap by 2.\r\n\r\nAll rolls that use Cunning also add a d4.\r\n\r\nHowever, they also increase their chance to die per session by 5% per point of Cunning they possess. Their chance of death cannot be reduced below this number.\r\n\r\nIf this artifact is ever unequipped, the wielder immediately dies.",
    "creator": "",
    "rarity": "Great",
    "external_modifiers": [
      {
        "type": "character",
        "modifier": "cunning",
        "value": 4
      },
      {
        "type": "character",
        "modifier": "cunning_cap",
        "value": 2
      },
      {
        "type": "character",
        "modifier": "death_chance_per_cunning",
        "value": 5
      },
      {
        "type": "character",
        "modifier": "minimum_death_chance_per_cunning",
        "value": 5
      }
    ]
  },
  {
    "_id": "67f5814d3ea41ff4f8ea8415",
    "name": "Natural Umbrella",
    "owner": "Lost",
    "effect_description": "The wielder of the Natural Umbrella increases their Cunning by 4 when solving puzzles, riddles or other brainteasers. Additionally, all mech-rps involving staying dry or divination gain moderately increased chances of success.",
    "creator": "",
    "rarity": "Great",
    "external_modifiers": []
  },
  {
    "_id": "67f581ca3ea41ff4f8ea8417",
    "name": "Dying Breath",
    "owner": "68066c164edaac1b95b3ff06",
    "effect_description": "The wielder of the Dying Breath increases their elderly start time, and lowest attribute by 1 each time they successfully duel, and kill, a character. Their elderly start time may only be increased to maximum of twice their base value.",
    "creator": "",
    "rarity": "Great",
    "external_modifiers": []
  },
  {
    "_id": "67f582db3ea41ff4f8ea8419",
    "name": "Duplicating Jade",
    "owner": "Lost",
    "effect_description": "Each session the wielder of the Duplicating Jade can spend one Magic Point to gain a d4 number of Jade Pieces, to a maximum of of 10 Jade Pieces.\r\n\r\nAt any point during a session, the wielder of the Duplicating Jade may sell all pieces of Jade for $20 (Per Era) each; increase the value of each Jade Piece by $5 (Per Era) per each Jade Piece sold at once.\r\n\r\nHowever, for each Jade Pieces you sell per session, there is a 5% chance that the amount of money earned per Jade Piece is reduced by half for the remainder of the age, rounded up. This chance may never be reduced.\r\n\r\nUnsold pieces of jade are automatically lost at the end of the era.\r\n\r\nJade Pieces: (0/10)",
    "creator": "",
    "rarity": "Great",
    "external_modifiers": []
  },
  {
    "_id": "67f584053ea41ff4f8ea841b",
    "name": "Yseult \"The Void-Diver\"",
    "owner": "Lost",
    "effect_description": "The wielder of Yseult \"the Void-Diver\" gains the following benefits: \r\n - Twice per age they may reroll any mech-rp that did not come up a natural 1; however, if the new roll is a natural 1, this artifact becomes lost. (2 uses remaining)\r\n - Moderately increased chances of success on all rolls involving the Void\r\n - Their Prowess increases by 1.\r\n - Yseult is also tied directly to a mercenary band. ",
    "creator": "",
    "rarity": "Great",
    "external_modifiers": []
  },
  {
    "_id": "67f584323ea41ff4f8ea841d",
    "name": "Crown of the Lost Trygar",
    "owner": "Unknown",
    "effect_description": " The wielder of the Crown of the Lost Trygar increases their Rulership and Cunning by 2.  However, their Elderly start time is reduced by 1, and all attempts to increase their elderly start time have their DC increased by 5.",
    "creator": "",
    "rarity": "Great",
    "external_modifiers": [
      {
        "type": "character",
        "modifier": "rulership",
        "value": 2
      },
      {
        "type": "character",
        "modifier": "cunning",
        "value": 2
      },
      {
        "type": "character",
        "modifier": "elderly_age",
        "value": -1
      }
    ]
  },
  {
    "_id": "67f5844d3ea41ff4f8ea841f",
    "name": "Bow of Antilay",
    "owner": "67fb283b0761f268a3ecf8d4",
    "effect_description": "The wielder of the Bow of Antilay increases the range of their ruler unit attack by 1.  Additionally, once per battle the ruler unit may increase the range of one attack by 2 instead. If the empowered attack from this artifact were to kill a unit, the ruler unit regains a quarter of their max HP, rounded up. The unit that wields this artifact automatically counts as ranged. \r\n\r\n\"Arkrax took everything from me, this is my chance to attempt once more to enact my vengeance. I refuse to miss.\"",
    "creator": "",
    "rarity": "Great",
    "external_modifiers": []
  },
  {
    "_id": "67f584813ea41ff4f8ea8421",
    "name": "Speargun of Mark",
    "owner": "Lost",
    "effect_description": "During per battle, the ruler unit of the wielder of the Speargun of Mark may make a single ranged attack. This attack has a range of 1-3 and a damage of 3.  ",
    "creator": "",
    "rarity": "Great",
    "external_modifiers": []
  },
  {
    "_id": "67f5849d3ea41ff4f8ea8423",
    "name": "Vipiat Tube",
    "owner": "Lost",
    "effect_description": "Once every other session, you may reduce the complexity of a spell by one. Additionally, there is a 50% chance when this artifact is used that the spell has it's cost reduced by 2 (to a minimum of 2).",
    "creator": "",
    "rarity": "Great",
    "external_modifiers": []
  },
  {
    "_id": "67f584c23ea41ff4f8ea8425",
    "name": "Consecrated Goblet",
    "owner": "Unknown",
    "effect_description": "Once per session the wielder of the Consecrated Goblet can add a d6 to any mech-rp, bypassing cap. \r\n\r\nAdditionally, if a 6 is rolled on the d6, increase your health state by one. \r\n\r\nHowever, if a 1 is rolled on d6, decrease your health state by one.",
    "creator": "",
    "rarity": "Great",
    "external_modifiers": []
  },
  {
    "_id": "67f584da3ea41ff4f8ea8427",
    "name": "Luminary Heart",
    "owner": "Lost",
    "effect_description": "The wielder of the Luminary Heart has their Prowess increased by 1. This is increased by an additional 2 during wars. \r\n\r\nAdditionally, all wielders of the Luminary Heart have a random attribute increased by one.",
    "creator": "",
    "rarity": "Great",
    "external_modifiers": []
  },
  {
    "_id": "67f585003ea41ff4f8ea8429",
    "name": "Sapling of the Gildergreen",
    "owner": "Lost",
    "effect_description": "The wielder of the Sapling of the Gildergreen gains moderately increased chances of success on all rolls to gain stability or pops.",
    "creator": "",
    "rarity": "Great",
    "external_modifiers": []
  },
  {
    "_id": "67f585243ea41ff4f8ea842b",
    "name": "Phoenix Mail",
    "owner": "Lost",
    "effect_description": " The ruler unit of the wielder of the Phoenix Mail gains +1 Defense and immunity to the negative effects of the Tundra terrain type. \r\n\r\nAdditionally, rather than making an attack, the wielder may instead double their defensive bonus until the end of the battle. While this increase is in effect, all units that attack the wielder take 1 damage. \r\n\r\nIf equipped to a character with less than 1 prowess, their speed is reduced by one.",
    "creator": "",
    "rarity": "Great",
    "external_modifiers": []
  },
  {
    "_id": "67f585403ea41ff4f8ea842d",
    "name": "Crown of the Eternal Flame",
    "owner": "Unknown",
    "effect_description": "The wielder of the Crown of the Eternal Flame may choose to ignore any reduction in their health state. Doing so has consequences based on if the wielder is a ruler, or non-ruler character; nothing can cause you to ignore these consequences.  \r\n\r\nRuler Characters: Lose one level of stability per level of health state you would have lost, this cannot be regained the same session you use this artifact. \r\n\r\nNon-Ruler Characters: One random attribute is reduced by 1 per level of health state you would have lost, permanently. ",
    "creator": "",
    "rarity": "Great",
    "external_modifiers": []
  },
  {
    "_id": "67f585933ea41ff4f8ea842f",
    "name": "Eye of Nanu",
    "owner": "68066c164edaac1b95b3ff06",
    "effect_description": "Once during their lifetime, the wielder of the Eye of Nanu may gaze into their own soul, revealing all there is to see, both good and bad. Doing so will prompt a Magic or Cunning check, with whatever is rolled indicating the effects:  \r\n\r\n<5 = Three random attribute are reduced by 1 \r\n6-9 = One random attribute is reduced by 1\r\n10-14 = Two random attributes are increased by 1 (Requires that the item be equipped)\r\n15-20 = Two random attributes are increased by 1 & gain slightly increased chances of success on rolls next session (Requires that the item be equipped)\r\n>20 = Two random attributes are increased by 2 & gain slightly increased chances of success on rolls for the rest of the wielder's life (Requires that the item be equipped)\r\n\r\nThe wielder may choose to reroll the result at the expense of losing two health states. No other methods of rerolling will work.",
    "creator": "",
    "rarity": "Great",
    "external_modifiers": []
  },
  {
    "_id": "67f585b53ea41ff4f8ea8431",
    "name": "Hungering Stave",
    "owner": "67fb2d610761f268a3ecf8de",
    "effect_description": "Once every session, you may cast Blast at no Magic Point cost. When Blast is cast in a duel using this artifact, it does not increase in DC and grants a moderately increased chance on the magic roll in the duel. \r\n\r\nAdditionally, you may invest 2 character magic points to gain a small and random war bonus at the start of a war session.",
    "creator": "67fb2d610761f268a3ecf8de",
    "rarity": "Legendary",
    "external_modifiers": []
  },
  {
    "_id": "67f586093ea41ff4f8ea8433",
    "name": "Mask of Ancestral Guidance",
    "owner": "Unknown",
    "effect_description": "At the start of each session, the mask will make a random face. Depending on the face, it will grant a +2 bonus to all rolls of that kind. (Current: Cunning) \r\n\r\nThere is also a small chance that the mask will make the face of Rassin, the First Maskay, granting a +1 bonus to all rolls.  \r\n\r\nAdditionally, once per age you may triple the bonus granted by the mask for one mech-rp.",
    "creator": "",
    "rarity": "Great",
    "external_modifiers": []
  },
  {
    "_id": "67f586343ea41ff4f8ea8435",
    "name": "Spear of Adder",
    "owner": "Lost",
    "effect_description": "Gain a +1 to all Prowess & Strategy checks when protecting someone. \r\n\r\nAdditionally, once per session you may ask for advice from the soul within the Spear, adding a d4 to a check of your choice.",
    "creator": "",
    "rarity": "Great",
    "external_modifiers": []
  },
  {
    "_id": "67f586503ea41ff4f8ea8437",
    "name": "Crown of Eatalia",
    "owner": "Unknown",
    "effect_description": " The wielder of the Crown of Eatalia must adhere to the following four tenets for it to be functional: \r\n\u2022 Their nation must be have the most pops within the Peninsula of Eatalia \r\n\u2022 The wielder must have succeeded on three rolls that bring joy or stability \r\n\u2022 The wielder must have not brought harm to any non-combatants \r\n\u2022 The wielder cannot have broken any agreements or pacts\r\n\r\nIf the above tenets are adhered to, the wielder gains the following benefits: \r\n\u2022 +1 Rulership \r\n\u2022 All expansions with the region of Sentinel's Watch gain moderately increased chances of success, and the nation's passive expansion chance increases by 10%.\r\n\u2022 Each time the wielder of the Crown of Eatalia constructs a city, or wonder, their nation gains a level of stability; this may only occur once per session.",
    "creator": "",
    "rarity": "Great",
    "external_modifiers": []
  },
  {
    "_id": "67f5869c3ea41ff4f8ea8439",
    "name": "Dimensional Ballista",
    "owner": "Lost",
    "effect_description": "The wielder of the Dimensional Ballista gains the ability to to summmon the unit of the same name during war sessions, with strength and cost determined by era. This unit may be summoned regardless, and does not take up a unit slot if it's summon cost is used, otherwise it is free but takes up a slot.",
    "creator": "",
    "rarity": "Great",
    "external_modifiers": []
  },
  {
    "_id": "67f586c53ea41ff4f8ea843b",
    "name": "Wand of the Screaming Sycamore",
    "owner": "67fd901e1ab67cfe766b2c61",
    "effect_description": "The wielder of the Wand of the Screaming Sycamore may cast Heal for free twice per session. However, each time this is done there is a 15% chance to lose a pop, increasing by 10% each time it is used per era. This resets each era, or on the loss of a pop. If this artifact is instead wielded by a non-ruler character, replace the chance to lose a pop with a chance of instant death.",
    "creator": "",
    "rarity": "Great",
    "external_modifiers": []
  },
  {
    "_id": "67f587353ea41ff4f8ea843d",
    "name": "Eternal Flame of Ignis Progressus",
    "owner": "67fd59cf6d66ed6f7f361bcf",
    "effect_description": "The wielder of the Eternal Flame of Ignis Progressus gains a (+6) bonus to any checks made to religiously convert, reduce the cost of a tech or change a religious tenet. This bonus grows by +1 each time the wielder sacrifices a number of Wood or Food, in any ratio, equal to twice the current bonus. (Current Sacrifice: 8/12) \r\n\r\nIf this artifact goes one session without having been sacrificed two resources, it resets itself back to +1. \r\n\r\nOnce the counter reaches +10, the artifact is automatically destroyed and turned into an incredibly powerful one-use artifact called the Eternal Inferno of Progress. \r\n\r\nThis artifact cannot be upgraded, reforged, or wielded by someone who does not adhere to the faith of Ignis Progressus.",
    "creator": "",
    "rarity": "Great",
    "external_modifiers": []
  },
  {
    "_id": "67f5876a3ea41ff4f8ea843f",
    "name": "Time Keeper's Necklace",
    "owner": "Unknown",
    "effect_description": "Once per session, the wielder of the Time Keeper's Necklace may choose to reroll a failed check; gaining moderately increased chances of success on the reroll, if desired.  When this is done, the original roll is stored, and randomly assigned to a mech-rp of the next session.  The Time Keeper's Necklace may not be used again until the original roll is \"released\".  All non-magical attempts to determine the new placement of the original roll will fail.",
    "creator": "",
    "rarity": "Great",
    "external_modifiers": []
  },
  {
    "_id": "67f5878c3ea41ff4f8ea8441",
    "name": "Grimaz's Spear",
    "owner": "67fced586b75be3a2d346393",
    "effect_description": "The wielder of Gr\u012bmaz's Spear increases their Prowess, Cunning and Strategy by 1 during duels in which at least two out of three of their dueling attributes are lower than their opponent. ",
    "creator": "",
    "rarity": "Good",
    "external_modifiers": []
  },
  {
    "_id": "67f587a43ea41ff4f8ea8443",
    "name": "King's Blade",
    "owner": "Lost",
    "effect_description": "The wielder of the King's Blade increases their Rulership by 1, which is doubled during attempts to increase stability.",
    "creator": "",
    "rarity": "Good",
    "external_modifiers": []
  },
  {
    "_id": "67f587be3ea41ff4f8ea8445",
    "name": "Blessed Logbook",
    "owner": "Lost",
    "effect_description": "Each time the wielder of the Blessed Logbook successfully imports or exports something, there is a 25% chance to gain an additional slot of that type for that session. These are rolled separately, and not combined. ",
    "creator": "",
    "rarity": "Good",
    "external_modifiers": []
  },
  {
    "_id": "67f587e13ea41ff4f8ea8447",
    "name": "Ethereal Engine",
    "owner": "Lost",
    "effect_description": "The wielder of the Ethereal Engine gains slightly increased chances of success when attempting to alter terrain, including the casting of the Terraform spell. \r\n\r\nAdditionally, they gain slightly increased chances of success when attempting to create a node.",
    "creator": "",
    "rarity": "Good",
    "external_modifiers": []
  },
  {
    "_id": "67f588683ea41ff4f8ea844b",
    "name": "Salamandra Phoenix (Juvenile)",
    "owner": "67fd901e1ab67cfe766b2c61",
    "effect_description": "The Salamandra Pheonix can be fed by spending any amount of food. Feeding the Salamandra Pheonix up to its threshold, determined by its age, will cause it to grow. \r\n\r\nIt's age cannot be slowed, or stopped. \r\n\r\nEach time the wielder of the Salamandra Pheonix rolls a natural 1 on a mech-rp, there is a chance the Salamandra Phoenix resets back to a (Hatchling), noted by it's age. Nothing can cause this to reroll. \r\n\r\nCannot be upgraded, or reforged. \r\n\r\nThe wielder of the Salamandra Phoenix gains all bonuses of it's prior stages; I.E while at Juvenile, it would have the effects of the Juvenile, Wyrmling and Hatchling stage of growth.  \r\n\r\n(Mundane) (10/10) Hatchling (0%): Grants a +1 bonus to all checks which involve cold temperatures or animals.\r\n\r\n(Mundane) (15/15) Wyrmling (5%): Grants a slightly increased bonus to all Food gathering checks.\r\n\r\n(Good) (25/25) Juvenile (15%): When a character with this artifact equipped destroys a magical creature (or unit), they gain 1 character magic. (Max of 3 per session)\r\n\r\n(Great) (23/30) Adolescent (25%): Unknown\r\n\r\n(Legendary) (0/40) Adult (50%): Unknown\r\n\r\n(Mythic) Elder (75%): Unknown",
    "creator": "67fb063710d4775d8999470e",
    "rarity": "Great",
    "external_modifiers": []
  },
  {
    "_id": "67f588833ea41ff4f8ea844d",
    "name": "Crystalline Harp",
    "owner": "Lost",
    "effect_description": "Once per session (including during a battle), the wielder may attempt a DC 15 Charisma check to play the Harp. If successful, they may enforce one of the following effects: \r\n - A target non-ruler unit loses its next turn.\r\n - A nation other than your own gains a level of stability (A nation may only benefit from this once per age)\r\n - Increase your level of relations with a non-hostile nation by one (A nation may only benefit from this once per age)\r\n - Increase import and export slots by 1",
    "creator": "",
    "rarity": "Good",
    "external_modifiers": []
  },
  {
    "_id": "67f588f73ea41ff4f8ea8451",
    "name": "Salamander of T'kass",
    "owner": "Unknown",
    "effect_description": "The user may choose to throw the Salamander of T'kaas at an immortal individual, destroying the artifact. By doing so, the immortal must make a DC 15 Prowess check; nothing can be used to reroll this, or change what type of roll it is. If failed, they will immediately transform into a salamander for 1 session.  As a Salamander, they suffer a -4 modifier on their next five mech-rp rolls. It may have other uses...",
    "creator": "",
    "rarity": "Good",
    "external_modifiers": []
  },
  {
    "_id": "67f5892c3ea41ff4f8ea8453",
    "name": "The Vysaffian Contract",
    "owner": "67fb3bd248b2fbf476b610e7",
    "effect_description": "The wielder of the V\u0337yssafian Contract may choose at the start of any session to increase their Rulership, Cunning or Charisma by 2. However, after doing so, all other attributes have a 50% chance of being reduced by 1. Both reset at the start of next session.",
    "creator": "",
    "rarity": "Good",
    "external_modifiers": []
  },
  {
    "_id": "67f5897d3ea41ff4f8ea8459",
    "name": "Glowing Green Rock",
    "owner": "Lost",
    "effect_description": "The wielder of the Glowing Green Rock increases their Magic by one, and gains 1 more Character Magic Point a session. However, they increase their death chance by 15%, this cannot be reduced below 10% by any means.",
    "creator": "",
    "rarity": "Good",
    "external_modifiers": []
  },
  {
    "_id": "67f589a33ea41ff4f8ea845b",
    "name": "Ceremonial Dagger of the Ancients",
    "owner": "Lost",
    "effect_description": " Once per character, the wielder of the Ceremonial Dagger of the Ancients may destroy a unit to regain 15 war support, ignoring war support lost by the unit itself being destroyed.",
    "creator": "",
    "rarity": "Good",
    "external_modifiers": []
  },
  {
    "_id": "67f589de3ea41ff4f8ea845d",
    "name": "Ring of the Magic Adjunct",
    "owner": "Lost",
    "effect_description": "The wielder of the Ring of the Magic Adjunct may choose to cast a spell into it at anytime, with the spell having its complexity increased by one. If the casting is successful, the spell is stored within the ring, and may be freely cast later down the line at any time.  Only one spell may be contained within at a time. Spell Stored: Joho's Jammer",
    "creator": "",
    "rarity": "Good",
    "external_modifiers": []
  },
  {
    "_id": "67f589fe3ea41ff4f8ea845f",
    "name": "The Ivory Charm",
    "owner": "67fd8ebd1ab67cfe766b2c5b",
    "effect_description": "Once per session, the wielder of the Ivory Charm may choose to reroll a check which would cause them personal harm. If the new roll is still a failure, the Ivory Charm will reduce one the wielder's weakest attribute by one.  \r\n\r\nThe engraving on the charm is ornate, detailed, and made with love. This was not the charm of a being without love, but one who fights for it.",
    "creator": "",
    "rarity": "Good",
    "external_modifiers": []
  },
  {
    "_id": "67f58a383ea41ff4f8ea8461",
    "name": "Mountain Flower",
    "owner": "67fb283b0761f268a3ecf8d4",
    "effect_description": "Each time the wielder casts a spell, there is a 15% chance to regain all spent magic points, and gain a magic point. However, there is also a 2% chance that the cost of the spell is increased by 2.\r\n\r\nAdditionally, you may heal a character by one health state, this will result in the permanent destruction of the artifact. ",
    "creator": "",
    "rarity": "Great",
    "external_modifiers": []
  },
  {
    "_id": "67f58a5c3ea41ff4f8ea8463",
    "name": "Chitran Silk Cloak",
    "owner": "68066c164edaac1b95b3ff06",
    "effect_description": "Once per session, the wielder of the the Chitran Silk Cloak can gain slightly increased chances of success on a single mech-rp. This may be decided upon after the roll is being made. However, when this is done, the wielder gains negative karma equal to half the total roll. \r\n\r\nAlternatively, for non-ruler characters, they suffer a penalty to a random mech-rp the next session equal to half the total roll.",
    "creator": "",
    "rarity": "Good",
    "external_modifiers": []
  },
  {
    "_id": "67f58a773ea41ff4f8ea8465",
    "name": "Chitran Many-Eyes Amulet",
    "owner": "Lost",
    "effect_description": "Once per character, when the wielder of the Chitran Many-Eyes Amulet were to fail a mech-rp by 5 or less, they may choose to instead critically succeed, at the cost of recieving a random Horrendous negative effect.",
    "creator": "",
    "rarity": "Good",
    "external_modifiers": []
  },
  {
    "_id": "67f58a8d3ea41ff4f8ea8467",
    "name": "Echo Shard",
    "owner": "Lost",
    "effect_description": "Each time an unwanted or otherwise hostile spell is cast on the wielder of the Echo Shard there is a 25% chance the caster will have their health state reduced by one.",
    "creator": "",
    "rarity": "Good",
    "external_modifiers": []
  },
  {
    "_id": "67f58aa03ea41ff4f8ea8469",
    "name": "Fibre Heart",
    "owner": "Lost",
    "effect_description": "Once per age you may extend the lifespan of a ruler by one session.",
    "creator": "",
    "rarity": "Good",
    "external_modifiers": []
  },
  {
    "_id": "67f58b013ea41ff4f8ea846d",
    "name": "Healing Salve",
    "owner": "67fb283b0761f268a3ecf8d4",
    "effect_description": "When the wielder of the Healing Salve were to become injured, once per era they may choose instead to ignore it. \r\n\r\nAdditionally, each time they were to lose a health state, there is a 10% chance to ignore it.",
    "creator": "",
    "rarity": "Good",
    "external_modifiers": []
  },
  {
    "_id": "67f58b333ea41ff4f8ea846f",
    "name": "Heart of the Aether",
    "owner": "Lost",
    "effect_description": "Once per session, the wielder of the Heart of the Aether may attempt to cast a spell with a cost equal to or lower than the wielder's magic attribute for free. \r\n\r\nDoing so has a 25% chance to reduce the health state of the wielder, per level of spell complexity. (Max 125%)",
    "creator": "",
    "rarity": "Good",
    "external_modifiers": []
  },
  {
    "_id": "67f58b4c3ea41ff4f8ea8471",
    "name": "Heavenly Spear of Rhythmos",
    "owner": "Lost",
    "effect_description": "The wielder of the Heavenly Spear of Rhythmos has their Prowess increased by one, and if they are a ruler unit, a +1 Defense as a unit when in a defensive or holy war.",
    "creator": "",
    "rarity": "Good",
    "external_modifiers": []
  },
  {
    "_id": "67f58ba23ea41ff4f8ea8477",
    "name": "Relic of the Ursurnids",
    "owner": "67fb3f3148b2fbf476b610fb",
    "effect_description": "The wielder of the Relics of the Ursunids gains slightly increased chances to increase stability or establish new pacts.  Additionally, any attempt to discount language-related techs gains slightly increased chances of success.",
    "creator": "",
    "rarity": "Good",
    "external_modifiers": []
  },
  {
    "_id": "67f58c4c3ea41ff4f8ea8479",
    "name": "Root of the Blood Tree",
    "owner": "Lost",
    "effect_description": "Gain a slightly increased chance of success when attempting to heal the wielder of this artifact. Once per age the wielder of this artifact may heal a character one health state.",
    "creator": "",
    "rarity": "Good",
    "external_modifiers": []
  },
  {
    "_id": "67f58c743ea41ff4f8ea847b",
    "name": "Skullrender",
    "owner": "Lost",
    "effect_description": "Increase Prowess by 1, increase this bonus by 2 during duels.",
    "creator": "",
    "rarity": "Good",
    "external_modifiers": []
  },
  {
    "_id": "67f58c933ea41ff4f8ea847d",
    "name": "Spider King",
    "owner": "67fd8f9c1ab67cfe766b2c5e",
    "effect_description": " At the start of each session, a d6 is rolled, and the wielder of this artifact gains the effects of the below roll:  \r\n\r\n1: Lose a health state \r\n2-4: Gain 2 random resources that are available to you \r\n6: Gain a use of the Spider Army ability  \r\n\r\nDuring war sessions the wielder of the Spider King may expend a charge of the artifact to replace one of their units with a Spider unit.  (Spider Army Charges: 0/5)",
    "creator": "",
    "rarity": "Good",
    "external_modifiers": []
  },
  {
    "_id": "67f58caf3ea41ff4f8ea847f",
    "name": "Golden Wheat Seed",
    "owner": "Lost",
    "effect_description": "Whenever the wielder rolls a Food gathering mech-rp, add the raw roll to the below counter.  Once the counter fills up, a random Food node is placed within your territory. The counter below increases by 30 each time it activates. Additionally, gain 1 additional Food each time you successfully gather any.  (20/110)",
    "creator": "",
    "rarity": "Good",
    "external_modifiers": []
  },
  {
    "_id": "67f58cc43ea41ff4f8ea8481",
    "name": "Light of Revelation",
    "owner": "Lost",
    "effect_description": "The wielder of the Light of Revelation gains moderately increased chances of success when converting pops to their religion if the participating RP mod dictates that you have recently committed a strong mechanical act of charity or assistance towards that nation.",
    "creator": "",
    "rarity": "Good",
    "external_modifiers": []
  },
  {
    "_id": "67f58cdb3ea41ff4f8ea8483",
    "name": "Ancient Sword",
    "owner": "67fd8ebd1ab67cfe766b2c5b",
    "effect_description": "Grants the wielder a +2 Prowess in duels, but -1 HP.  \r\n\r\nThis ancient blade bears worn runes and a horribly cracked hilt. However, it's aura is oddly empowering. Perhaps with some repairs and research it can become more than a simple sword.  (@ Mykonos for any research done on the sword)",
    "creator": "",
    "rarity": "Good",
    "external_modifiers": []
  },
  {
    "_id": "67f58cf33ea41ff4f8ea8485",
    "name": "Map of the Mirror City",
    "owner": "",
    "effect_description": " The wielder of the Map of the Mirror City gains a +1 bonus on all attempts to find their way, explore, or locate something specific in the N'th Dimension.",
    "creator": "",
    "rarity": "Mundane"
  },
  {
    "_id": "67f58d043ea41ff4f8ea8487",
    "name": "Pallor Root",
    "owner": "680ac39ec75c6e0314f121f3",
    "effect_description": "The wielder of the Pallor Root may consume the artifact to reroll one failed mech-rp that was not a natural 1. If the check is still a failure, their heir suffers an additional weakness.  If this artifact is not consumed within three sessions of its creation, it is destroyed.  This artifact cannot be upgraded.",
    "creator": "",
    "rarity": "Mundane",
    "external_modifiers": []
  },
  {
    "_id": "67f58d2e3ea41ff4f8ea8489",
    "name": "Colossus Pieces",
    "owner": "Lost",
    "effect_description": "The wielder of this artifact may elect to freely place character magic points within it, once it reaches (0/50) magic points stored, the Colossus is reborn.",
    "creator": "",
    "rarity": "Mundane",
    "external_modifiers": []
  },
  {
    "_id": "67f58d433ea41ff4f8ea848b",
    "name": "The Diadem",
    "owner": "Lost",
    "effect_description": "The wielder of the Diadem may perform an Extremely Hard Quest to acquire any of the three gems that fit within it. For each gem installed into the Diadem, it will grow in power, but so will it's downsides.  \r\n\r\nEach time a gem is found, and installed, the difficulty of the next quest increases. \r\n\r\nNo progress can be gained on the quest unless the Diadem is equipped.  \r\n\r\nCurrent Effects: Gain slightly increased chances of success on all attempts to increase stability. However, whenever a level of stability is lost, there is a 5% chance you will lose two levels instead. This may only occur once per session.",
    "creator": "",
    "rarity": "Mundane",
    "external_modifiers": []
  },
  {
    "_id": "67f58dc13ea41ff4f8ea8493",
    "name": "Obsidian Egg",
    "owner": "Unknown",
    "effect_description": "The wielder of the Obsidian Egg may choose to dedicate themselves to taking care of the egg once per session. Doing so causes them to lose a health state. Once the Obsidian Egg has absorbed 15 health states, it will hatch. Each time the Obsidian Egg goes a session without absorbing a health state, it will lose 1 HP. If it's HP is reduced to 0, it is destroyed. This loss will not occur if the egg is lost.  10/15 Health States absorbed. 8/10 HP.",
    "creator": "",
    "rarity": "Mundane",
    "external_modifiers": []
  },
  {
    "_id": "67f58dde3ea41ff4f8ea8495",
    "name": "Core of Uqnia",
    "owner": "",
    "effect_description": "The wielder of the Core of Uqnia may go on Very Hard quests in order to find other Uqnia Shards. Each shard possessed increases your nation's maximum Magic Point storage by 2. \r\n\r\nIf all shards are are found, an incredibly dangerous ritual may be performed to unite the shards, and greatly improve the strength of the artifact. \r\n\r\nThis artifact cannot be lost, but can be stolen; it also cannot be upgraded, or reforged.  \r\n\r\nShards Possessed: 1/6",
    "creator": "",
    "rarity": "Mundane",
    "external_modifiers": []
  },
  {
    "_id": "67fe579d21a497bb1f8f07d5",
    "name": "Core of Uqnia II",
    "rarity": "Mundane",
    "effect_description": " The wielder of the Core of Uqnia may go on Very Hard quests in order to find other Uqnia Shards. \r\n\r\nEach shard possessed increases your nation's maximum Magic Point storage by 2.  \r\n\r\nIf all shards are are found, an incredibly dangerous ritual may be performed to unite the shards, and greatly improve the strength of the artifact.   \r\n\r\nThis artifact cannot be lost, but can be stolen; it also cannot be upgraded, or reforged.   \r\n\r\nShards Possessed: 1/6",
    "owner": "67fb2ef20761f268a3ecf8e3",
    "creator": "67fb2ef20761f268a3ecf8e3",
    "external_modifiers": []
  },
  {
    "_id": "67fe58a921a497bb1f8f07d7",
    "name": "Pieces of the Nth Ruins",
    "rarity": "Mundane",
    "effect_description": "The wielder of the Pieces of the Nth Ruins may, once per session, use a charge of this artifact to gain a 15% discount on a district, stacking with itself and other discounts to a maximum of 50%. \r\n\r\nThis artifact holds 2/2 charges, and only regenerates a charge when its wielder completes a Void Quest from within the Mirror City wonder.",
    "owner": "67fb2ef20761f268a3ecf8e3",
    "creator": "67fb2ef20761f268a3ecf8e3",
    "external_modifiers": []
  },
  {
    "_id": "67fe5a1821a497bb1f8f07d9",
    "name": "Void Heresy",
    "rarity": "Mundane",
    "effect_description": "Once per session, the wielder of the Void Heresy artifact may empower a single religious conversion mech-rp. This empowered conversion mech-rp has its conversion strength increased by one tier.\r\n\r\nHowever, any backlash rolled with this artifact also comes with a moderately strange magical effect, which is more likely to be negative than neutral or positive. ",
    "owner": "",
    "creator": "",
    "external_modifiers": []
  },
  {
    "_id": "67fe5a8221a497bb1f8f07db",
    "name": "The Hill Guide",
    "rarity": "Great",
    "effect_description": "The wielder of the Hill Guide ignores the expansion penalty for Mountains and Hills, along with gaining a +1 to all expansion rolls involving hills, doubled for those involving mountains. ",
    "owner": "",
    "creator": "",
    "external_modifiers": []
  },
  {
    "_id": "67fe5be321a497bb1f8f07de",
    "name": "The Wisp Warden",
    "rarity": "Legendary",
    "effect_description": "At the start of a session, before any mechanical actions are taken, the wielder of the Wisp Warden may activate this artifact. When this artifact is activated, the following effects for the session occur to the nation which activated it:\r\n\r\n- All stability loss chance is reduced by 50%.\r\n\r\n- This artifact is de-equipped, and another non-legendary artifact may be equipped. \r\n\r\nEach time this artifact is used, this artifact has a 10% chance of being lost after its effects occur. The chance this occurs increases by 10% each time it is used. \r\n\r\nAny time this artifact is lost, the nation that lost it cannot attempt to recover it until the end of the era in which it was lost, if it still remains.",
    "owner": "67fceb596b75be3a2d34638d",
    "creator": "",
    "external_modifiers": []
  },
  {
    "_id": "67fe5c9521a497bb1f8f07e0",
    "name": "Tablet of Souls",
    "rarity": "Great",
    "effect_description": "Once per session, the wielder of the Tablet of Souls may instantly gain a pop, which lasts 1d6-1 sessions, to a minimum of 0. \r\n\r\nThis pop functions just like any other pop, and has its race, culture, and religion completely randomized from the world. They cannot be converted in any way. \r\n\r\nWhen the pop disappears, the wielder must wait at least one session before using this artifact again. \r\n\r\nAdditionally, Ii a 6 is rolled on the d6 roll, the wielder increases their health state by one. ",
    "owner": "67fb3f3148b2fbf476b610fb",
    "creator": "",
    "external_modifiers": []
  },
  {
    "_id": "67fe5daf21a497bb1f8f07e4",
    "name": "Dubious Soul",
    "rarity": "Good",
    "effect_description": "The wielder of the Dubious Soul increases their Prowess by 1, and may add a +1 bonus to all mech-rps.\r\n\r\nFor each session this artifact is equipped, there is a 50% chance that their heir will lose a health state at their creation. To a maximum of 450%, rolled at the heirs creation.\r\n\r\nIf 450% chance is reached, this artifact is destroyed, killing the wielder. ",
    "owner": "67fb3f3148b2fbf476b610fb",
    "creator": "",
    "external_modifiers": []
  },
  {
    "_id": "67fe5e6621a497bb1f8f07e6",
    "name": "Mischievous Wisp",
    "rarity": "Mundane",
    "effect_description": "Once per session, the wielder of the Mischievous Wisp may randomize one of their mech-rp desired effects before it is rolled, gaining moderately increased chances of success on that roll.\r\n\r\nThis randomized mech-rp has a 60% chance of being positive, a 30% chance of being neutral, and a 10% chance of being negative.",
    "owner": "",
    "creator": "",
    "external_modifiers": []
  },
  {
    "_id": "67fe5eb221a497bb1f8f07e8",
    "name": "Ivory Bark",
    "rarity": "Mundane",
    "effect_description": "Once at the start of each war session, the wielder of the Ivory Bark may increase the HP of one unit with Wood maintenance upkeep by 1d2.",
    "owner": "67fceb596b75be3a2d34638d",
    "creator": "",
    "external_modifiers": []
  },
  {
    "_id": "67fe5efe21a497bb1f8f07ea",
    "name": "Skull of a Firenzian Child",
    "rarity": "Mundane",
    "effect_description": "The wielder of the Skull of a Firenzian Child gains moderately increased chances of success on all attempts to increase infamy of a foreign nation. ",
    "owner": "67fb283b0761f268a3ecf8d4",
    "creator": "67fb283b0761f268a3ecf8d4",
    "external_modifiers": []
  },
  {
    "_id": "67fe6165660645d2a464078d",
    "name": "Carmilla's Rose",
    "rarity": "Great",
    "effect_description": "Once per session, up to a maximum of three times, the wielder of Carmilla's Rose may reduce their chance of death by 20%. \r\n\r\nAdditionally, whenever it is equipped, the wielder increases random attribute by 1. \r\n\r\nThis artifact cannot be upgraded, or given to another character.\r\n\r\nIf stolen or lost, this artifact is destroyed.",
    "owner": "67fb22f12240b9a1684bb7ec",
    "creator": "",
    "external_modifiers": []
  },
  {
    "_id": "67fe62db660645d2a4640790",
    "name": "Lusari Archives",
    "rarity": "Great",
    "effect_description": "Once per session, the wielder of the Lusari Archives may increase the production, and consumption of their Researcher pops by 1.\r\n\r\nAdditionally, while equipped, the wielder of this artifact gains slightly increased chances of success on all attempts to reduce the RP cost of techs.",
    "owner": "67fceed06b75be3a2d346397",
    "creator": "",
    "external_modifiers": []
  },
  {
    "_id": "67fe6408660645d2a4640793",
    "name": "Will of the Majlisum",
    "rarity": "Good",
    "effect_description": "Once per session, the wielder of the Will of the Majlisum may activate this artifact to gain a random positive and negative quirk, lasting for the duration of the session. \r\n\r\nIf the rp-mod in charge of running their mech-RPs determines that they have adhered to all FOUR of their quirks, they gain slightly increased chances of success. \r\n\r\nIf they fail to adhere to even one of their FOUR quirks, they instead suffer slightly decreased chances of success.",
    "owner": "67fceed06b75be3a2d346397",
    "creator": "",
    "external_modifiers": []
  },
  {
    "_id": "67fe6662660645d2a4640795",
    "name": "Statue of Saint Britannia",
    "rarity": "Great",
    "effect_description": "Once per session, the wielder of the Statue of Saint Britannia may change a law without the loss of a level of stability. \r\n\r\nLaws that are changed in this manner cannot be changed again by this artifact until the end of the age. \r\n\r\nAdditionally, once per session the wielder may choose to have a random law changed in order to earn $25 (Per Era). This law cannot be changed again for 1d2+1 sessions.  ",
    "owner": "67fb39f748b2fbf476b610df",
    "creator": "",
    "external_modifiers": []
  },
  {
    "_id": "67fe681f660645d2a4640797",
    "name": "Contract of New Eden",
    "rarity": "Good",
    "effect_description": "Once per session, the wielder of the Contract of New Eden may choose one of the below bonuses to grant to themselves and their nation. Once an effect is chosen, it cannot be chosen again until all other bonuses are used.\r\n\r\n- Gain slightly increased chances of success on all conversions this session.\r\n\r\n- Gain moderately increased chances of success on your next attempt this session to discount a district or city.\r\n\r\n- Gain 1d2 Food\r\n\r\n- Gain 1d2 Wood\r\n\r\n- Gain 1d2 Stone\r\n\r\n- Gain 1d2 Mounts",
    "owner": "67fb39f748b2fbf476b610df",
    "creator": "",
    "external_modifiers": []
  },
  {
    "_id": "67fe68ed660645d2a4640799",
    "name": "House of Rune Carvers",
    "rarity": "Good",
    "effect_description": "Once per session, the wielder of the House of Rune Carvers may sacrifice a number of stone or magic points, up to a maximum of five resources at a time. The wielder then gains an amount of money equal to $25 (Per Era), per stone or magic points. ",
    "owner": "67fb3fdb48b2fbf476b61100",
    "creator": "",
    "external_modifiers": []
  },
  {
    "_id": "67fe697b660645d2a464079b",
    "name": "Crown of Karak",
    "rarity": "Great",
    "effect_description": "The wielder of the Crown of Karak increases their Rulership by 1 per five hexes of mountains within their direct territory, to a maximum of +3 Rulership.",
    "owner": "67fb3fdb48b2fbf476b61100",
    "creator": "",
    "external_modifiers": [
      {
        "type": "character",
        "modifier": "rulership",
        "value": 1
      }
    ]
  },
  {
    "_id": "67fe6ac2660645d2a464079e",
    "name": "Bronze Skull of the Ruhkarn",
    "rarity": "Legendary",
    "effect_description": "Each time the wielder of the Bronze Skull of the Ruhkarn, or a unit under their control destroys a unit in a battle, gain a random non-research resource available to them. To a maximum of six resources a war. \r\n\r\nRather than gaining a resource, the wielder may instead choose to cause a unit of theirs to instantly regain 1 HP. \r\n\r\nIf the wielder of this artifact ends a session while not at war, they lose a health state. This penalty can NEVER be negated by anything whatsoever.  ",
    "owner": "6809d7fd7b2961778a9f11a9",
    "creator": "",
    "external_modifiers": []
  },
  {
    "_id": "68005d9654f0fc1957238cf9",
    "name": "The Bead of Retribution",
    "rarity": "Good",
    "effect_description": "At the start of a war session the wielder of the Bead of Retribution may choose to spend two character Magic Points to activate the Bead.\r\nWhile the Bead is activated, their ruler unit gains +1 Retaliation Damage for the war session; doubled if they have 0.",
    "owner": "Lost",
    "creator": "67fb063710d4775d8999470e",
    "external_modifiers": []
  },
  {
    "_id": "6801908c4a005e56861a99b2",
    "name": "Golden Compass",
    "rarity": "Great",
    "effect_description": "The wielder of the Golden Compass increases the speed and HP of all naval units by 1. \r\n\r\nOnce per age, this bonus may be doubled at the start of a war session.",
    "owner": "67fd5ac26d66ed6f7f361bd4",
    "creator": "67fd5ac26d66ed6f7f361bd4",
    "external_modifiers": []
  },
  {
    "_id": "680192124a005e56861a99b5",
    "name": "Coin Scales",
    "rarity": "Good",
    "effect_description": "Once per session, the wielder of the Coin Scales can sacrifice $50 + $25 (Per Era) in order to increase their chance to gain stability per session by 25%.",
    "owner": "67fd5ac26d66ed6f7f361bd4",
    "creator": "67fd5ac26d66ed6f7f361bd4",
    "external_modifiers": []
  }
]