[
  {
    "_id": "67fb063710d4775d8999470e",
    "name": "Qophelo",
    "race": "67ef2ef8096a9b083e2a760b",
    "culture": "67ef2f7c096a9b083e2a7613",
    "religion": "67ef2fe3096a9b083e2a7619",
    "ruling_nation_org": "",
    "region": "",
    "strengths": [
      "rulership",
      "magic"
    ],
    "weaknesses": [
      "charisma",
      "prowess"
    ],
    "modifiers": [
      {
        "field": "rulership",
        "value": 5,
        "duration": -1,
        "source": "Stat Trainings"
      },
      {
        "field": "cunning",
        "value": 5,
        "duration": -1,
        "source": "Stat Trainings"
      },
      {
        "field": "charisma",
        "value": 5,
        "duration": -1,
        "source": "Stat Trainings"
      },
      {
        "field": "prowess",
        "value": 8,
        "duration": -1,
        "source": "Stat Trainings"
      },
      {
        "field": "magic",
        "value": 5,
        "duration": -1,
        "source": "Stat Trainings"
      },
      {
        "field": "strategy",
        "value": 5,
        "duration": -1,
        "source": "Stat Trainings"
      },
      {
        "field": "magic_healing_cost",
        "value": 13,
        "duration": -1,
        "source": "Magic Healing"
      }
    ],
    "positive_quirk": "Just",
    "negative_quirk": "Pessimistic",
    "character_type": "Archmage",
    "character_subtype": "Scholar",
    "health_status": "Dead",
    "age": 36,
    "creator": "67cce34bac60799772ce02b6",
    "magic_points": 0,
    "player": "",
    "artifacts": [],
    "titles": []
  },
  {
    "_id": "67fb22f12240b9a1684bb7ec",
    "name": "Vandros",
    "player": "67da6c7b66153af922c8c68f",
    "creator": "",
    "race": "67ef57b389e17a6e9fa6bc0f",
    "culture": "67ef5a45690147f64b5a82bb",
    "religion": "67ef60af690147f64b5a8349",
    "ruling_nation_org": "67ef6eba98867826cf7962fe",
    "region": "67ef6c8a98867826cf7962f8",
    "strengths": [
      "cunning",
      "charisma",
      "magic"
    ],
    "weaknesses": [
      "rulership",
      "strategy"
    ],
    "modifiers": [
      {
        "field": "rulership",
        "value": 0.0,
        "duration": -1,
        "source": "Stat Trainings"
      },
      {
        "field": "cunning",
        "value": 2.0,
        "duration": -1,
        "source": "Stat Trainings"
      },
      {
        "field": "charisma",
        "value": 6.0,
        "duration": -1,
        "source": "Stat Trainings"
      },
      {
        "field": "prowess",
        "value": -4.0,
        "duration": -1,
        "source": "Stat Trainings"
      },
      {
        "field": "magic",
        "value": 7.0,
        "duration": 0,
        "source": "Stat Trainings"
      },
      {
        "field": "strategy",
        "value": 5.0,
        "duration": -1,
        "source": "Stat Trainings"
      },
      {
        "field": "magic_healing_cost",
        "value": 2.0,
        "duration": -1,
        "source": "Magic Healing"
      },
      {
        "field": "magic_point_income",
        "value": -2.0,
        "duration": -1,
        "source": "Stop Aging"
      },
      {
        "field": "elderly_age",
        "value": 97.0,
        "duration": -1,
        "source": "Stop Aging"
      },
      {
        "field": "heal_chance",
        "value": -1.0,
        "duration": -1,
        "source": "Stop Aging"
      },
      {
        "field": "magic_point_income",
        "value": -1.0,
        "duration": -1,
        "source": "Stop Aging (Cha'saka ruler)"
      }
    ],
    "positive_quirk": "Determined",
    "negative_quirk": "None",
    "character_type": "Religious Leader",
    "character_subtype": "Proselytizer",
    "health_status": "Healthy",
    "age": 25,
    "artifacts": [],
    "titles": [],
    "magic_points": 9
  },
  {
    "_id": "67fb26e60761f268a3ecf8d1",
    "name": "Gredix",
    "player": "67f331de362c8771ff2f5883",
    "creator": "",
    "race": "67ef2ef8096a9b083e2a760b",
    "culture": "67ef5c86690147f64b5a82ef",
    "religion": "67ef5fc4690147f64b5a8339",
    "ruling_nation_org": "67ef712c98867826cf796306",
    "region": "67ef6b6398867826cf7962f1",
    "strengths": [
      "cunning",
      "prowess",
      "strategy"
    ],
    "weaknesses": [
      "rulership",
      "magic"
    ],
    "modifiers": [
      {
        "field": "rulership",
        "value": -1,
        "duration": -1,
        "source": "Stat Trainings"
      },
      {
        "field": "cunning",
        "value": 0,
        "duration": -1,
        "source": "Stat Trainings"
      },
      {
        "field": "charisma",
        "value": -2,
        "duration": -1,
        "source": "Stat Trainings"
      },
      {
        "field": "prowess",
        "value": 7,
        "duration": -1,
        "source": "Stat Trainings"
      },
      {
        "field": "magic",
        "value": 1,
        "duration": -1,
        "source": "Stat Trainings"
      },
      {
        "field": "strategy",
        "value": 3,
        "duration": -1,
        "source": "Stat Trainings"
      },
      {
        "field": "elderly_age",
        "value": 97,
        "duration": -1,
        "source": "Pact"
      },
      {
        "field": "heal_chance",
        "value": -1,
        "duration": -1,
        "source": "Pact"
      }
    ],
    "positive_quirk": "Brave",
    "negative_quirk": "Arrogant",
    "character_type": "Archmage",
    "character_subtype": "Scholar",
    "health_status": "Healthy",
    "age": 7,
    "artifacts": [],
    "titles": [],
    "magic_points": 1
  },
  {
    "_id": "67fb283b0761f268a3ecf8d4",
    "name": "Nekreyn",
    "player": "67fbef8948b2fbf476b6110d",
    "creator": "67fbef8948b2fbf476b6110d",
    "race": "67ef565d89e17a6e9fa6bbf2",
    "culture": "67ef5d78690147f64b5a8309",
    "religion": "67ef6523690147f64b5a8397",
    "ruling_nation_org": "67ef725298867826cf79630a",
    "region": "67ef6b3198867826cf7962eb",
    "strengths": [
      "rulership",
      "magic"
    ],
    "weaknesses": [
      "cunning",
      "strategy"
    ],
    "modifiers": [
      {
        "field": "rulership",
        "value": 3.0,
        "duration": -1,
        "source": "Stat Trainings"
      },
      {
        "field": "cunning",
        "value": 3.0,
        "duration": -1,
        "source": "Stat Trainings"
      },
      {
        "field": "charisma",
        "value": 1.0,
        "duration": -1,
        "source": "Stat Trainings"
      },
      {
        "field": "prowess",
        "value": 4.0,
        "duration": -1,
        "source": "Stat Trainings"
      },
      {
        "field": "magic",
        "value": 5.0,
        "duration": -1,
        "source": "Stat Trainings"
      },
      {
        "field": "strategy",
        "value": 7.0,
        "duration": -1,
        "source": "Stat Trainings"
      },
      {
        "field": "magic_healing_cost",
        "value": 2.0,
        "duration": -1,
        "source": "Magic Healing"
      },
      {
        "field": "magic_point_income",
        "value": -3.0,
        "duration": -1,
        "source": "Stop Aging"
      },
      {
        "field": "elderly_age",
        "value": 97.0,
        "duration": -1,
        "source": "Stop Aging"
      },
      {
        "field": "heal_chance",
        "value": -1.0,
        "duration": -1,
        "source": "Stop Aging"
      },
      {
        "field": "magic_point_income",
        "value": -1.0,
        "duration": -1,
        "source": "Safeguard"
      },
      {
        "field": "heal_chance",
        "value": 2.0,
        "duration": -1,
        "source": "Regeneration spell"
      }
    ],
    "positive_quirk": "Humble",
    "negative_quirk": "Pessimistic",
    "character_type": "Religious Leader",
    "character_subtype": "Proselytizer",
    "health_status": "Healthy",
    "age": 28,
    "artifacts": [],
    "titles": [],
    "magic_points": 7
  },
  {
    "_id": "67fb2bf90761f268a3ecf8da",
    "name": "Elisho",
    "player": "67cd3c064f1c30d30283ea7d",
    "creator": "67cd3c064f1c30d30283ea7d",
    "race": "67ef55ac89e17a6e9fa6bbe2",
    "culture": "67ef58cc690147f64b5a829d",
    "religion": "67ef631f690147f64b5a8373",
    "ruling_nation_org": "67ef7d7de311e8b3699a1b1a",
    "region": "67ef6b3198867826cf7962eb",
    "strengths": [
      "cunning",
      "magic"
    ],
    "weaknesses": [
      "prowess",
      "strategy"
    ],
    "modifiers": [
      {
        "field": "rulership",
        "value": 2.0,
        "duration": -1,
        "source": "Stat Trainings"
      },
      {
        "field": "cunning",
        "value": 2.0,
        "duration": -1,
        "source": "Stat Trainings"
      },
      {
        "field": "charisma",
        "value": -1.0,
        "duration": -1,
        "source": "Stat Trainings"
      },
      {
        "field": "prowess",
        "value": 0.0,
        "duration": -1,
        "source": "Stat Trainings"
      },
      {
        "field": "magic",
        "value": 4.0,
        "duration": -1,
        "source": "Stat Trainings"
      },
      {
        "field": "strategy",
        "value": 1.0,
        "duration": -1,
        "source": "Stat Trainings"
      },
      {
        "field": "magic_point_income",
        "value": -2.0,
        "duration": -1,
        "source": "Stop Aging"
      },
      {
        "field": "elderly_age",
        "value": 97.0,
        "duration": -1,
        "source": "Stop Aging"
      },
      {
        "field": "heal_chance",
        "value": -1.0,
        "duration": -1,
        "source": "Stop Aging"
      },
      {
        "field": "magic_point_capacity",
        "value": 2.0,
        "duration": -1,
        "source": "Mech RP"
      }
    ],
    "positive_quirk": "Determined",
    "negative_quirk": "Aggressive",
    "character_type": "Archmage",
    "character_subtype": "Scholar",
    "health_status": "Healthy",
    "age": 23,
    "artifacts": [],
    "magic_points": 4,
    "titles": []
  },
  {
    "_id": "67fb2d610761f268a3ecf8de",
    "name": "Salphaxia",
    "player": "67ce7dca32cf7de0d7b42fcf",
    "creator": "67ce7dca32cf7de0d7b42fcf",
    "race": "67ef40a089e17a6e9fa6bbb5",
    "culture": "67ef5a5b690147f64b5a82bd",
    "religion": "67ef6201690147f64b5a8361",
    "ruling_nation_org": "67ef774c98867826cf79631c",
    "region": "67ef6b6c98867826cf7962f3",
    "strengths": [
      "cunning",
      "magic"
    ],
    "weaknesses": [
      "rulership",
      "strategy"
    ],
    "modifiers": [
      {
        "field": "rulership",
        "value": 2,
        "duration": -1,
        "source": "Stat Trainings"
      },
      {
        "field": "cunning",
        "value": 0,
        "duration": -1,
        "source": "Stat Trainings"
      },
      {
        "field": "charisma",
        "value": 2,
        "duration": -1,
        "source": "Stat Trainings"
      },
      {
        "field": "prowess",
        "value": 4,
        "duration": -1,
        "source": "Stat Trainings"
      },
      {
        "field": "magic",
        "value": 4,
        "duration": -1,
        "source": "Stat Trainings"
      },
      {
        "field": "strategy",
        "value": 0,
        "duration": -1,
        "source": "Stat Trainings"
      },
      {
        "field": "magic_healing_cost",
        "value": 3,
        "duration": -1,
        "source": "Magic Healing"
      },
      {
        "field": "magic_point_income",
        "value": -3,
        "duration": -1,
        "source": "Stop Aging"
      },
      {
        "field": "elderly_age",
        "value": 97,
        "duration": -1,
        "source": "Stop Aging"
      },
      {
        "field": "heal_chance",
        "value": -1,
        "duration": -1,
        "source": "Stop Aging"
      },
      {
        "field": "magic_point_income",
        "value": -1,
        "duration": -1,
        "source": "Curse Upkeep"
      }
    ],
    "positive_quirk": "Wise",
    "negative_quirk": "Greedy",
    "character_type": "Archmage",
    "character_subtype": "Scholar",
    "health_status": "Healthy",
    "age": 36,
    "artifacts": [],
    "titles": [],
    "magic_points": 5
  },
  {
    "_id": "67fb2ef20761f268a3ecf8e3",
    "name": "Theofania Chappelle",
    "player": "67faab64e253e64f73c889ad",
    "creator": "67faab64e253e64f73c889ad",
    "race": "67ef55ca89e17a6e9fa6bbe4",
    "culture": "67ef5e2c690147f64b5a831b",
    "religion": "67ef6588690147f64b5a839f",
    "ruling_nation_org": "67ef784498867826cf796320",
    "region": "67ef6b7598867826cf7962f5",
    "strengths": [
      "rulership",
      "magic",
      "strategy"
    ],
    "weaknesses": [
      "charisma",
      "prowess"
    ],
    "modifiers": [
      {
        "field": "rulership",
        "value": 3.0,
        "duration": -1,
        "source": "Stat Trainings"
      },
      {
        "field": "cunning",
        "value": 2.0,
        "duration": -1,
        "source": "Stat Trainings"
      },
      {
        "field": "charisma",
        "value": 6.0,
        "duration": -1,
        "source": "Stat Trainings"
      },
      {
        "field": "prowess",
        "value": 4.0,
        "duration": -1,
        "source": "Stat Trainings"
      },
      {
        "field": "magic",
        "value": 4.0,
        "duration": -1,
        "source": "Stat Trainings"
      },
      {
        "field": "strategy",
        "value": 4.0,
        "duration": -1,
        "source": "Stat Trainings"
      },
      {
        "field": "magic_healing_cost",
        "value": 2.0,
        "duration": -1,
        "source": "Magic Healing"
      },
      {
        "field": "magic_point_income",
        "value": -1.0,
        "duration": -1,
        "source": "Stop Aging"
      },
      {
        "field": "elderly_age",
        "value": 97.0,
        "duration": -1,
        "source": "Stop Aging"
      }
    ],
    "positive_quirk": "Wise",
    "negative_quirk": "Aggressive",
    "character_type": "Archmage",
    "character_subtype": "Scholar",
    "health_status": "Healthy",
    "age": 21,
    "artifacts": [],
    "titles": [],
    "magic_points": 10
  },
  {
    "_id": "67fb366e48b2fbf476b610d1",
    "name": "Lirion (6th life)",
    "player": "67cd3dcbcbc9a3293d901a97",
    "creator": "67cd3dcbcbc9a3293d901a97",
    "race": "67ef55ac89e17a6e9fa6bbe2",
    "culture": "67ef58cc690147f64b5a829d",
    "religion": "67ef64ba690147f64b5a838f",
    "ruling_nation_org": "67fcd1a96b75be3a2d34631f",
    "region": "67ef6b3198867826cf7962eb",
    "strengths": [
      "cunning",
      "magic"
    ],
    "weaknesses": [
      "rulership",
      "prowess"
    ],
    "modifiers": [
      {
        "field": "rulership",
        "value": 0,
        "duration": -1,
        "source": "Stat Trainings"
      },
      {
        "field": "cunning",
        "value": 2,
        "duration": -1,
        "source": "Stat Trainings"
      },
      {
        "field": "charisma",
        "value": -1,
        "duration": -1,
        "source": "Stat Trainings"
      },
      {
        "field": "prowess",
        "value": -2,
        "duration": -1,
        "source": "Stat Trainings"
      },
      {
        "field": "magic",
        "value": 3,
        "duration": -1,
        "source": "Stat Trainings"
      },
      {
        "field": "strategy",
        "value": 5,
        "duration": -1,
        "source": "Stat Trainings"
      },
      {
        "field": "rulership_cap",
        "value": -1,
        "duration": -1,
        "source": "Pact"
      },
      {
        "field": "cunning_cap",
        "value": -2,
        "duration": -1,
        "source": "Pact"
      },
      {
        "field": "charisma_cap",
        "value": -2,
        "duration": -1,
        "source": "Pact"
      },
      {
        "field": "prowess_cap",
        "value": -3,
        "duration": -1,
        "source": "Pact"
      },
      {
        "field": "magic_cap",
        "value": -1,
        "duration": -1,
        "source": "Pact"
      },
      {
        "field": "strategy_cap",
        "value": -1,
        "duration": -1,
        "source": "Pact"
      },
      {
        "field": "magic_healing_cost",
        "value": 3,
        "duration": -1,
        "source": "Magical Healing"
      }
    ],
    "positive_quirk": "Wise",
    "negative_quirk": "Arrogant",
    "character_type": "Archmage",
    "character_subtype": "Artificer",
    "health_status": "Healthy",
    "age": 1,
    "artifacts": [],
    "titles": []
  },
  {
    "_id": "67fb390548b2fbf476b610da",
    "name": "Seliria Sapho",
    "player": "67fc75fdc175f9990ba4abaa",
    "creator": "67fc75fdc175f9990ba4abaa",
    "race": "67ef41c689e17a6e9fa6bbc5",
    "culture": "67ef5b42690147f64b5a82d5",
    "religion": "67ef624f690147f64b5a8365",
    "ruling_nation_org": "67fcd1616b75be3a2d346319",
    "region": "67ef6b5c98867826cf7962ef",
    "strengths": [
      "rulership",
      "cunning"
    ],
    "weaknesses": [
      "prowess",
      "magic"
    ],
    "modifiers": [
      {
        "field": "rulership",
        "value": 2,
        "duration": -1,
        "source": "Strength"
      },
      {
        "field": "cunning",
        "value": 2,
        "duration": -1,
        "source": "Strength"
      },
      {
        "field": "prowess",
        "value": -1,
        "duration": -1,
        "source": "Weakness"
      },
      {
        "field": "magic",
        "value": -1,
        "duration": -1,
        "source": "Weakness"
      }
    ],
    "positive_quirk": "Determined",
    "negative_quirk": "Aggressive",
    "character_type": "Rogue",
    "character_subtype": "None",
    "health_status": "Healthy",
    "age": 1,
    "artifacts": [],
    "titles": []
  },
  {
    "_id": "67fb395948b2fbf476b610dc",
    "name": "Vizier Erdigan the I",
    "player": "67fcb256f72948b88c6fe7bf",
    "creator": "67fcb256f72948b88c6fe7bf",
    "race": "67ef4ba889e17a6e9fa6bbc7",
    "culture": "67ef79ce98867826cf796337",
    "religion": "67ef7ab498867826cf79633f",
    "ruling_nation_org": "67ef81f6e311e8b3699a1b24",
    "region": "67ef6c8a98867826cf7962f8",
    "strengths": [
      "prowess",
      "strategy"
    ],
    "weaknesses": [
      "charisma",
      "cunning"
    ],
    "modifiers": [
      {
        "field": "prowess",
        "value": 2.0,
        "duration": -1,
        "source": "Strength"
      },
      {
        "field": "strategy",
        "value": 1.0,
        "duration": -1,
        "source": "Strength"
      },
      {
        "field": "charisma",
        "value": -2.0,
        "duration": -1,
        "source": "Weakness"
      },
      {
        "field": "cunning",
        "value": -1.0,
        "duration": -1,
        "source": "Weakness"
      }
    ],
    "positive_quirk": "Articulate",
    "negative_quirk": "Greedy",
    "character_type": "Conqueror",
    "character_subtype": "Duelist",
    "health_status": "Healthy",
    "age": 1,
    "artifacts": [],
    "titles": []
  },
  {
    "_id": "67fb39f748b2fbf476b610df",
    "name": "Henry the First",
    "player": "67fcd8b16b75be3a2d346324",
    "creator": "67fcd8b16b75be3a2d346324",
    "race": "67ef41c689e17a6e9fa6bbc5",
    "culture": "67ef7b1798867826cf796341",
    "religion": "67ef7b4298867826cf796343",
    "ruling_nation_org": "67ef7c0698867826cf796345",
    "region": "67ef6b5c98867826cf7962ef",
    "strengths": [
      "cunning",
      "charisma"
    ],
    "weaknesses": [
      "prowess",
      "strategy"
    ],
    "modifiers": [
      {
        "field": "cunning",
        "value": 1,
        "duration": -1,
        "source": "Strength"
      },
      {
        "field": "charisma",
        "value": 1,
        "duration": -1,
        "source": "Strength"
      },
      {
        "field": "prowess",
        "value": -2,
        "duration": -1,
        "source": "Weakness"
      },
      {
        "field": "strategy",
        "value": -1,
        "duration": -1,
        "source": "Weakness"
      }
    ],
    "positive_quirk": "Articulate",
    "negative_quirk": "Boring",
    "character_type": "Populist",
    "character_subtype": "Diplomat",
    "health_status": "Healthy",
    "age": 1,
    "artifacts": [],
    "titles": []
  },
  {
    "_id": "67fb3aa848b2fbf476b610e2",
    "name": "Konrados Thietekos",
    "player": "67fc9beec175f9990ba4abac",
    "creator": "67fc9beec175f9990ba4abac",
    "race": "67ef41c689e17a6e9fa6bbc5",
    "culture": "67ef589d690147f64b5a8299",
    "religion": "67ef624f690147f64b5a8365",
    "ruling_nation_org": "67fcd12b6b75be3a2d346315",
    "region": "67ef6c8a98867826cf7962f8",
    "strengths": [
      "prowess",
      "strategy"
    ],
    "weaknesses": [
      "cunning",
      "charisma"
    ],
    "modifiers": [
      {
        "field": "prowess",
        "value": 2,
        "duration": -1,
        "source": "Strength"
      },
      {
        "field": "strategy",
        "value": 2,
        "duration": -1,
        "source": "Strength"
      },
      {
        "field": "cunning",
        "value": -1,
        "duration": -1,
        "source": "Weakness"
      },
      {
        "field": "charisma",
        "value": -1,
        "duration": -1,
        "source": "Weakness"
      }
    ],
    "positive_quirk": "Determined",
    "negative_quirk": "Aggressive",
    "character_type": "Conqueror",
    "character_subtype": "Duelist",
    "health_status": "Healthy",
    "age": 1,
    "artifacts": [],
    "titles": []
  },
  {
    "_id": "67fb3bd248b2fbf476b610e7",
    "name": "Zenyarion Aqualis",
    "player": "67f428be9bb534b15fad7abb",
    "creator": "67f428be9bb534b15fad7abb",
    "race": "67ef3fb389e17a6e9fa6bba7",
    "culture": "67ef5c1e690147f64b5a82e5",
    "religion": "67ef610a690147f64b5a834f",
    "ruling_nation_org": "67ef72db98867826cf79630c",
    "region": "67ef6b7598867826cf7962f5",
    "strengths": [
      "rulership",
      "charisma",
      "strategy"
    ],
    "weaknesses": [
      "cunning",
      "prowess"
    ],
    "modifiers": [
      {
        "field": "rulership",
        "value": 2.0,
        "duration": -1,
        "source": "Strength"
      },
      {
        "field": "charisma",
        "value": 2.0,
        "duration": -1,
        "source": "Strength"
      },
      {
        "field": "strategy",
        "value": 1.0,
        "duration": -1,
        "source": "Strength"
      },
      {
        "field": "cunning",
        "value": -2.0,
        "duration": -1,
        "source": "Weakness"
      },
      {
        "field": "prowess",
        "value": -1.0,
        "duration": -1,
        "source": "Weakness"
      },
      {
        "field": "magic",
        "value": 2.0,
        "duration": -1,
        "source": "Religious Effect"
      },
      {
        "field": "prowess",
        "value": -2.0,
        "duration": -1,
        "source": "Religious Effect"
      },
      {
        "field": "rulership",
        "value": 1.0,
        "duration": -1,
        "source": "Stat Trainings"
      },
      {
        "field": "cunning",
        "value": 1.0,
        "duration": -1,
        "source": "Stat Trainings"
      },
      {
        "field": "charisma",
        "value": 2.0,
        "duration": -1,
        "source": "Stat Trainings"
      },
      {
        "field": "prowess",
        "value": 2.0,
        "duration": -1,
        "source": "Stat Trainings"
      },
      {
        "field": "magic",
        "value": 0.0,
        "duration": -1,
        "source": "Stat Trainings"
      },
      {
        "field": "strategy",
        "value": 1.0,
        "duration": -1,
        "source": "Stat Trainings"
      }
    ],
    "positive_quirk": "Just",
    "negative_quirk": "Arrogant",
    "character_type": "Archmage",
    "character_subtype": "Scholar",
    "health_status": "Healthy",
    "age": 1,
    "artifacts": [],
    "titles": [],
    "magic_points": 4
  },
  {
    "_id": "67fb3e2c48b2fbf476b610f6",
    "name": "Ezio de Harambe",
    "player": "",
    "creator": "",
    "race": "",
    "culture": "67ef5c52690147f64b5a82eb",
    "religion": "67ef610a690147f64b5a834f",
    "ruling_nation_org": "6809d63d7b2961778a9f119e",
    "region": "67ef6b7598867826cf7962f5",
    "strengths": [
      "cunning",
      "prowess"
    ],
    "weaknesses": [
      "rulership",
      "charisma"
    ],
    "modifiers": [
      {
        "field": "cunning",
        "value": 2,
        "duration": -1,
        "source": "Strength"
      },
      {
        "field": "prowess",
        "value": 2,
        "duration": -1,
        "source": "Strength"
      },
      {
        "field": "rulership",
        "value": -2,
        "duration": -1,
        "source": "Weakness"
      },
      {
        "field": "charisma",
        "value": -2,
        "duration": -1,
        "source": "Weakness"
      }
    ],
    "positive_quirk": "Patient",
    "negative_quirk": "Deceitful",
    "character_type": "Rogue",
    "character_subtype": "None",
    "health_status": "Healthy",
    "age": 1,
    "artifacts": [],
    "titles": []
  },
  {
    "_id": "67fb3ec848b2fbf476b610f9",
    "name": "Captain Balboa",
    "player": "",
    "creator": "",
    "race": "67ef40a089e17a6e9fa6bbb5",
    "culture": "67ef5a5b690147f64b5a82bd",
    "religion": "67ef610a690147f64b5a834f",
    "ruling_nation_org": "67fcd0976b75be3a2d346313",
    "region": "67ef6b7598867826cf7962f5",
    "strengths": [
      "cunning",
      "charisma"
    ],
    "weaknesses": [
      "prowess",
      "strategy"
    ],
    "modifiers": [
      {
        "field": "cunning",
        "value": 1,
        "duration": -1,
        "source": "Strength"
      },
      {
        "field": "charisma",
        "value": 2,
        "duration": -1,
        "source": "Strength"
      },
      {
        "field": "prowess",
        "value": -2,
        "duration": -1,
        "source": "Weakness"
      },
      {
        "field": "strategy",
        "value": -2,
        "duration": -1,
        "source": "Weakness"
      }
    ],
    "positive_quirk": "Articulate",
    "negative_quirk": "Greedy",
    "character_type": "Populist",
    "character_subtype": "Diplomat",
    "health_status": "Healthy",
    "age": 1,
    "artifacts": [],
    "titles": []
  },
  {
    "_id": "67fb3f3148b2fbf476b610fb",
    "name": "Garios Flavian Ark",
    "player": "67fc9b9bc175f9990ba4abab",
    "creator": "67fc9b9bc175f9990ba4abab",
    "race": "67ef41c689e17a6e9fa6bbc5",
    "culture": "67ef589d690147f64b5a8299",
    "religion": "67ef624f690147f64b5a8365",
    "ruling_nation_org": "67ef6df198867826cf7962fc",
    "region": "67ef6b5c98867826cf7962ef",
    "strengths": [
      "charisma",
      "strategy"
    ],
    "weaknesses": [
      "cunning",
      "magic"
    ],
    "modifiers": [
      {
        "field": "charisma",
        "value": 1,
        "duration": -1,
        "source": "Strength"
      },
      {
        "field": "strategy",
        "value": 2,
        "duration": -1,
        "source": "Strength"
      },
      {
        "field": "cunning",
        "value": -1,
        "duration": -1,
        "source": "Weakness"
      },
      {
        "field": "magic",
        "value": -1,
        "duration": -1,
        "source": "Weakness"
      }
    ],
    "positive_quirk": "Determined",
    "negative_quirk": "Arrogant",
    "character_type": "Steward",
    "character_subtype": "Statesman",
    "health_status": "Healthy",
    "age": 1,
    "artifacts": [],
    "titles": []
  },
  {
    "_id": "67fb3fdb48b2fbf476b61100",
    "name": "Eselbrad Von-Izorgrung",
    "player": "67ce3911666dc1c32f6ed543",
    "creator": "67ce3911666dc1c32f6ed543",
    "race": "67ef792798867826cf79632a",
    "culture": "67ef79bc98867826cf796335",
    "religion": "67ef63eb690147f64b5a8381",
    "ruling_nation_org": "67ef800de311e8b3699a1b22",
    "region": "67ef6b6398867826cf7962f1",
    "strengths": [
      "rulership",
      "magic"
    ],
    "weaknesses": [
      "prowess",
      "strategy"
    ],
    "modifiers": [
      {
        "field": "rulership",
        "value": 2,
        "duration": -1,
        "source": "Strength"
      },
      {
        "field": "magic",
        "value": 2,
        "duration": -1,
        "source": "Strength"
      },
      {
        "field": "prowess",
        "value": -2,
        "duration": -1,
        "source": "Weakness"
      },
      {
        "field": "strategy",
        "value": -1,
        "duration": -1,
        "source": "Weakness"
      }
    ],
    "positive_quirk": "Observant",
    "negative_quirk": "Deceitful",
    "character_type": "Archmage",
    "character_subtype": "Scholar",
    "health_status": "Healthy",
    "age": 1,
    "artifacts": [],
    "titles": [],
    "magic_points": 1
  },
  {
    "_id": "67fb403648b2fbf476b61104",
    "name": "Ethel Darjeeling",
    "player": "67dc59bef6d5817d1307f224",
    "creator": "67dc59bef6d5817d1307f224",
    "race": "67ef791598867826cf796328",
    "culture": "67ef79a898867826cf796333",
    "religion": "67ef7a9a98867826cf79633d",
    "ruling_nation_org": "67ef7f8ae311e8b3699a1b20",
    "region": "67ef6b5c98867826cf7962ef",
    "strengths": [
      "rulership",
      "charisma"
    ],
    "weaknesses": [
      "prowess",
      "magic"
    ],
    "modifiers": [
      {
        "field": "rulership",
        "value": 2.0,
        "duration": -1,
        "source": "Strength"
      },
      {
        "field": "charisma",
        "value": 1.0,
        "duration": -1,
        "source": "Strength"
      },
      {
        "field": "prowess",
        "value": -2.0,
        "duration": -1,
        "source": "Weakness"
      },
      {
        "field": "magic",
        "value": -1.0,
        "duration": -1,
        "source": "Weakness"
      },
      {
        "field": "cunning",
        "value": 1.0,
        "duration": -1,
        "source": "MRP"
      }
    ],
    "positive_quirk": "Articulate",
    "negative_quirk": "Cowardly",
    "character_type": "Steward",
    "character_subtype": "Statesman",
    "health_status": "Healthy",
    "age": 1,
    "artifacts": [],
    "titles": []
  },
  {
    "_id": "67fb409548b2fbf476b61108",
    "name": "Markus kruber",
    "player": "67feb063bbee8bc9a91a6991",
    "creator": "67feb063bbee8bc9a91a6991",
    "race": "67ef41c689e17a6e9fa6bbc5",
    "culture": "",
    "religion": "",
    "ruling_nation_org": "67fcd14a6b75be3a2d346317",
    "region": "67ef6c8a98867826cf7962f8",
    "strengths": [
      "prowess",
      "strategy"
    ],
    "weaknesses": [
      "rulership",
      "charisma"
    ],
    "modifiers": [
      {
        "field": "prowess",
        "value": 2.0,
        "duration": -1,
        "source": "Strength"
      },
      {
        "field": "strategy",
        "value": 2.0,
        "duration": -1,
        "source": "Strength"
      },
      {
        "field": "rulership",
        "value": -1.0,
        "duration": -1,
        "source": "Weakness"
      },
      {
        "field": "charisma",
        "value": -1.0,
        "duration": -1,
        "source": "Weakness"
      },
      {
        "field": "charisma",
        "value": 2.0,
        "duration": -1,
        "source": "Stat Training"
      }
    ],
    "positive_quirk": "Brave",
    "negative_quirk": "Pessimistic",
    "character_type": "Conqueror",
    "character_subtype": "Duelist",
    "health_status": "Healthy",
    "age": 1,
    "artifacts": [],
    "titles": []
  },
  {
    "_id": "67fb40e348b2fbf476b6110b",
    "name": "Tar'doka Uggo",
    "player": "67fdce9821a497bb1f8f07c2",
    "creator": "67fdce9821a497bb1f8f07c2",
    "race": "67ef418a89e17a6e9fa6bbc1",
    "culture": "67ef5d85690147f64b5a830b",
    "religion": "67ef65be690147f64b5a83a3",
    "ruling_nation_org": "67fcd1bf6b75be3a2d346321",
    "region": "67ef6b5c98867826cf7962ef",
    "strengths": [
      "rulership",
      "cunning"
    ],
    "weaknesses": [
      "charisma",
      "magic"
    ],
    "modifiers": [
      {
        "field": "rulership",
        "value": 1,
        "duration": -1,
        "source": "Strength"
      },
      {
        "field": "cunning",
        "value": 1,
        "duration": -1,
        "source": "Strength"
      },
      {
        "field": "charisma",
        "value": -2,
        "duration": -1,
        "source": "Weakness"
      },
      {
        "field": "magic",
        "value": -1,
        "duration": -1,
        "source": "Weakness"
      }
    ],
    "positive_quirk": "Wise",
    "negative_quirk": "Apathetic",
    "character_type": "General",
    "character_subtype": "None",
    "health_status": "Healthy",
    "age": 1,
    "artifacts": [],
    "titles": []
  },
  {
    "_id": "67fceb596b75be3a2d34638d",
    "name": "Sereth Ventumara",
    "player": "67ce52de666dc1c32f6ed544",
    "creator": "67ce52de666dc1c32f6ed544",
    "race": "67ef41c689e17a6e9fa6bbc5",
    "culture": "67ef5b42690147f64b5a82d5",
    "religion": "67ef65d9690147f64b5a83a5",
    "ruling_nation_org": "67ef71c898867826cf796308",
    "region": "67ef6b5c98867826cf7962ef",
    "strengths": [
      "prowess",
      "magic"
    ],
    "weaknesses": [
      "rulership",
      "charisma"
    ],
    "modifiers": [
      {
        "field": "prowess",
        "value": 2.0,
        "duration": -1,
        "source": "Strength"
      },
      {
        "field": "magic",
        "value": 2.0,
        "duration": -1,
        "source": "Strength"
      },
      {
        "field": "rulership",
        "value": -1.0,
        "duration": -1,
        "source": "Weakness"
      },
      {
        "field": "charisma",
        "value": -1.0,
        "duration": -1,
        "source": "Weakness"
      },
      {
        "field": "rulership",
        "value": 1.0,
        "duration": -1,
        "source": "Stat Trainings"
      },
      {
        "field": "cunning",
        "value": 0.0,
        "duration": -1,
        "source": "Stat Trainings"
      },
      {
        "field": "charisma",
        "value": 3.0,
        "duration": -1,
        "source": "Stat Trainings"
      },
      {
        "field": "prowess",
        "value": 2.0,
        "duration": -1,
        "source": "Stat Trainings"
      },
      {
        "field": "magic",
        "value": 0.0,
        "duration": -1,
        "source": "Stat Trainings"
      },
      {
        "field": "strategy",
        "value": 2.0,
        "duration": -1,
        "source": "Stat Trainings"
      }
    ],
    "positive_quirk": "Determined",
    "negative_quirk": "Greedy",
    "character_type": "Archmage",
    "character_subtype": "Scholar",
    "health_status": "Healthy",
    "age": 0,
    "artifacts": [],
    "titles": [],
    "magic_points": 2
  },
  {
    "_id": "67fcece76b75be3a2d346391",
    "name": "Sulayid Atrofol",
    "player": "67fca5dc3775c22956617afb",
    "creator": "67fca5dc3775c22956617afb",
    "race": "67ef790098867826cf796326",
    "culture": "67ef799198867826cf796331",
    "religion": "67ef7a6398867826cf79633b",
    "ruling_nation_org": "67ef7f0fe311e8b3699a1b1e",
    "region": "67ef6b3198867826cf7962eb",
    "strengths": [
      "rulership",
      "charisma"
    ],
    "weaknesses": [
      "cunning",
      "magic"
    ],
    "modifiers": [
      {
        "field": "rulership",
        "value": 1,
        "duration": -1,
        "source": "Strength"
      },
      {
        "field": "charisma",
        "value": 1,
        "duration": -1,
        "source": "Strength"
      },
      {
        "field": "cunning",
        "value": -2,
        "duration": -1,
        "source": "Weakness"
      },
      {
        "field": "magic",
        "value": -1,
        "duration": -1,
        "source": "Weakness"
      }
    ],
    "positive_quirk": "Articulate",
    "negative_quirk": "Deceitful",
    "character_type": "Populist",
    "character_subtype": "Diplomat",
    "health_status": "Healthy",
    "age": 1
  },
  {
    "_id": "67fced586b75be3a2d346393",
    "name": "John",
    "player": "67f454949bb534b15fad7abc",
    "creator": "67f454949bb534b15fad7abc",
    "race": "67ef4ba889e17a6e9fa6bbc7",
    "culture": "67ef5c64690147f64b5a82ed",
    "religion": "67ef63eb690147f64b5a8381",
    "ruling_nation_org": "67ef749f98867826cf796312",
    "region": "67ef6b6c98867826cf7962f3",
    "strengths": [
      "rulership",
      "magic"
    ],
    "weaknesses": [
      "cunning",
      "prowess"
    ],
    "modifiers": [
      {
        "field": "rulership",
        "value": 1,
        "duration": -1,
        "source": "Strength"
      },
      {
        "field": "magic",
        "value": 1,
        "duration": -1,
        "source": "Strength"
      },
      {
        "field": "cunning",
        "value": -1,
        "duration": -1,
        "source": "Weakness"
      },
      {
        "field": "prowess",
        "value": -1,
        "duration": -1,
        "source": "Weakness"
      },
      {
        "field": "rulership",
        "value": 3,
        "duration": -1,
        "source": "Stat Trainings"
      },
      {
        "field": "cunning",
        "value": 0,
        "duration": -1,
        "source": "Stat Trainings"
      },
      {
        "field": "charisma",
        "value": 2,
        "duration": -1,
        "source": "Stat Trainings"
      },
      {
        "field": "prowess",
        "value": 1,
        "duration": -1,
        "source": "Stat Trainings"
      },
      {
        "field": "magic",
        "value": 0,
        "duration": -1,
        "source": "Stat Trainings"
      },
      {
        "field": "strategy",
        "value": 0,
        "duration": -1,
        "source": "Stat Trainings"
      },
      {
        "field": "magic_point_income",
        "value": -1,
        "duration": -1,
        "source": "Slow Aging"
      },
      {
        "field": "ignore_elderly",
        "value": 1,
        "duration": -1,
        "source": "Slow Aging"
      },
      {
        "field": "death_chance_per_elderly_age",
        "value": 0,
        "duration": -1,
        "source": "Slow Aging"
      }
    ],
    "positive_quirk": "Articulate",
    "negative_quirk": "Greedy",
    "character_type": "Religious Leader",
    "character_subtype": "Proselytizer",
    "health_status": "Healthy",
    "age": 1,
    "artifacts": [],
    "magic_points": 2,
    "titles": []
  },
  {
    "_id": "67fceed06b75be3a2d346397",
    "name": "Zahrat Ab-Talayin Nufayd",
    "player": "67fc9c47c175f9990ba4abad",
    "creator": "67fc9c47c175f9990ba4abad",
    "race": "67ef790098867826cf796326",
    "culture": "67ef799198867826cf796331",
    "religion": "67ef7a6398867826cf79633b",
    "ruling_nation_org": "67ef7f0fe311e8b3699a1b1e",
    "region": "67ef6b3198867826cf7962eb",
    "strengths": [
      "charisma",
      "magic"
    ],
    "weaknesses": [
      "rulership",
      "cunning"
    ],
    "modifiers": [
      {
        "field": "charisma",
        "value": 1,
        "duration": -1,
        "source": "Strength"
      },
      {
        "field": "magic",
        "value": 1,
        "duration": -1,
        "source": "Strength"
      },
      {
        "field": "rulership",
        "value": -1,
        "duration": -1,
        "source": "Weakness"
      },
      {
        "field": "cunning",
        "value": -1,
        "duration": -1,
        "source": "Weakness"
      }
    ],
    "positive_quirk": "Brave",
    "negative_quirk": "Careless",
    "character_type": "Steward",
    "character_subtype": "Quartermaster",
    "health_status": "Healthy",
    "age": 1,
    "artifacts": [],
    "magic_points": 1,
    "titles": []
  },
  {
    "_id": "67fd59cf6d66ed6f7f361bcf",
    "name": "Fiume Fiame Gi-Tenante",
    "player": "67fc9cd0c175f9990ba4abaf",
    "creator": "67fc9cd0c175f9990ba4abaf",
    "race": "67ef569889e17a6e9fa6bbf6",
    "culture": "67ef2fb2096a9b083e2a7617",
    "religion": "67ef61e6690147f64b5a835f",
    "ruling_nation_org": "67ef6d4698867826cf7962fa",
    "region": "67ef6c8a98867826cf7962f8",
    "strengths": [
      "rulership",
      "cunning",
      "charisma"
    ],
    "weaknesses": [
      "prowess",
      "magic"
    ],
    "modifiers": [
      {
        "field": "rulership",
        "value": 2,
        "duration": -1,
        "source": "Strength"
      },
      {
        "field": "cunning",
        "value": 2,
        "duration": -1,
        "source": "Strength"
      },
      {
        "field": "charisma",
        "value": 2,
        "duration": -1,
        "source": "Strength"
      },
      {
        "field": "prowess",
        "value": -1,
        "duration": -1,
        "source": "Weakness"
      },
      {
        "field": "magic",
        "value": -2,
        "duration": -1,
        "source": "Weakness"
      },
      {
        "field": "elderly_age",
        "value": 1,
        "duration": -1,
        "source": "https://discord.com/channels/1188889187018088488/1352684749440942152/1357019327739465902"
      }
    ],
    "positive_quirk": "Imaginative",
    "negative_quirk": "Fickle",
    "character_type": "Steward",
    "character_subtype": "Statesman",
    "health_status": "Healthy",
    "age": 1,
    "artifacts": [],
    "titles": []
  },
  {
    "_id": "67fd5ac26d66ed6f7f361bd4",
    "name": "Paul Valtarion",
    "player": "67cd3dcbcbc9a3293d901a97",
    "creator": "",
    "race": "67ef577889e17a6e9fa6bc0a",
    "culture": "67ef795998867826cf79632c",
    "religion": "67ef610a690147f64b5a834f",
    "ruling_nation_org": "67ef7e63e311e8b3699a1b1c",
    "region": "67ef6c8a98867826cf7962f8",
    "strengths": [],
    "weaknesses": [
      "prowess",
      "strategy"
    ],
    "modifiers": [
      {
        "field": "prowess",
        "value": -1,
        "duration": -1,
        "source": "Weakness"
      },
      {
        "field": "strategy",
        "value": -1,
        "duration": -1,
        "source": "Weakness"
      }
    ],
    "positive_quirk": "Articulate",
    "negative_quirk": "Pessimistic",
    "character_type": "Populist",
    "character_subtype": "Diplomat",
    "health_status": "Healthy",
    "age": 1
  },
  {
    "_id": "67fd8ebd1ab67cfe766b2c5b",
    "name": "Ch\u016bn Nei Lu",
    "player": "67fc75fdc175f9990ba4abaa",
    "creator": "67fc75fdc175f9990ba4abaa",
    "race": "67ef4cd789e17a6e9fa6bbdb",
    "culture": "67ef5e98690147f64b5a8327",
    "religion": "67ef661c690147f64b5a83ab",
    "ruling_nation_org": "67ef6fbf98867826cf796302",
    "region": "67ef6c8a98867826cf7962f8",
    "strengths": [
      "cunning",
      "magic"
    ],
    "weaknesses": [
      "rulership",
      "strategy"
    ],
    "modifiers": [
      {
        "field": "cunning",
        "value": 2,
        "duration": -1,
        "source": "Strength"
      },
      {
        "field": "magic",
        "value": 1,
        "duration": -1,
        "source": "Strength"
      },
      {
        "field": "rulership",
        "value": -1,
        "duration": -1,
        "source": "Weakness"
      },
      {
        "field": "strategy",
        "value": -2,
        "duration": -1,
        "source": "Weakness"
      },
      {
        "field": "cunning",
        "value": 1,
        "duration": -1,
        "source": "Stat Trainings"
      },
      {
        "field": "strategy",
        "value": 1,
        "duration": -1,
        "source": "Hall of Rememberance"
      },
      {
        "field": "magic_point_income",
        "value": -1,
        "duration": -1,
        "source": "Guo's Youthful Vigor"
      },
      {
        "field": "ignore_elderly",
        "value": 1,
        "duration": -1,
        "source": "Guo's Youthful Vigor"
      }
    ],
    "positive_quirk": "Compassionate",
    "negative_quirk": "Careless",
    "character_type": "Archmage",
    "character_subtype": "Artificer",
    "health_status": "Healthy",
    "age": 1,
    "artifacts": [],
    "magic_points": 1,
    "titles": []
  },
  {
    "_id": "67fd8f9c1ab67cfe766b2c5e",
    "name": "Tooklo Sekton Otl",
    "player": "67ffd3d467dd9ff94e62d712",
    "creator": "67ffd3d467dd9ff94e62d712",
    "race": "67ef4c0e89e17a6e9fa6bbcf",
    "culture": "67ef5ac0690147f64b5a82c9",
    "religion": "67ef60e6690147f64b5a834d",
    "ruling_nation_org": "67ef76d298867826cf79631a",
    "region": "67ef6b6c98867826cf7962f3",
    "strengths": [
      "magic",
      "strategy"
    ],
    "weaknesses": [
      "charisma",
      "prowess"
    ],
    "modifiers": [
      {
        "field": "magic",
        "value": 1,
        "duration": -1,
        "source": "Strength"
      },
      {
        "field": "strategy",
        "value": 1,
        "duration": -1,
        "source": "Strength"
      },
      {
        "field": "charisma",
        "value": -1,
        "duration": -1,
        "source": "Weakness"
      },
      {
        "field": "prowess",
        "value": -1,
        "duration": -1,
        "source": "Weakness"
      }
    ],
    "positive_quirk": "Imaginative",
    "negative_quirk": "Pessimistic",
    "character_type": "Archmage",
    "character_subtype": "Scholar",
    "health_status": "Healthy",
    "age": 1,
    "artifacts": [],
    "magic_points": 3,
    "titles": []
  },
  {
    "_id": "67fd901e1ab67cfe766b2c61",
    "name": "Grayson",
    "player": "67cce34bac60799772ce02b6",
    "creator": "67cce34bac60799772ce02b6",
    "race": "67ef2ef8096a9b083e2a760b",
    "culture": "67ef5c0c690147f64b5a82e3",
    "religion": "67ef2fe3096a9b083e2a7619",
    "ruling_nation_org": "67e06714d0c984f82323e43c",
    "region": "67ef6b3198867826cf7962eb",
    "strengths": [
      "cunning",
      "strategy"
    ],
    "weaknesses": [
      "magic"
    ],
    "modifiers": [
      {
        "field": "cunning (not active)",
        "value": 2,
        "duration": -1,
        "source": "Strength"
      },
      {
        "field": "strategy (not active)",
        "value": 2,
        "duration": -1,
        "source": "Strength"
      },
      {
        "field": "magic (not active)",
        "value": -2,
        "duration": -1,
        "source": "Weakness"
      },
      {
        "field": "magic",
        "value": 1,
        "duration": -1,
        "source": "Hall of Rememberance"
      }
    ],
    "positive_quirk": "Imaginative",
    "negative_quirk": "Fickle",
    "character_type": "Steward",
    "character_subtype": "Quartermaster",
    "health_status": "Healthy",
    "age": 0,
    "artifacts": [],
    "titles": []
  },
  {
    "_id": "67fdcc7e21a497bb1f8f07c1",
    "name": "Omuka",
    "player": "67ce7dca32cf7de0d7b42fcf",
    "creator": "67ce7dca32cf7de0d7b42fcf",
    "race": "67f0b66384cf1dc0bf4ffb37",
    "culture": "67ef5d68690147f64b5a8307",
    "religion": "67ef65a3690147f64b5a83a1",
    "ruling_nation_org": "67fcd17f6b75be3a2d34631b",
    "region": "67ef6b7598867826cf7962f5",
    "strengths": [
      "cunning",
      "charisma"
    ],
    "weaknesses": [
      "rulership",
      "prowess"
    ],
    "modifiers": [
      {
        "field": "cunning",
        "value": 1,
        "duration": -1,
        "source": "Strength"
      },
      {
        "field": "charisma",
        "value": 1,
        "duration": -1,
        "source": "Strength"
      },
      {
        "field": "rulership",
        "value": -2,
        "duration": -1,
        "source": "Weakness"
      },
      {
        "field": "prowess",
        "value": -2,
        "duration": -1,
        "source": "Weakness"
      }
    ],
    "positive_quirk": "Determined",
    "negative_quirk": "Cowardly",
    "character_type": "Rogue",
    "character_subtype": "None",
    "health_status": "Healthy",
    "age": 1,
    "artifacts": [],
    "titles": []
  },
  {
    "_id": "67feae1abbee8bc9a91a698a",
    "name": "Jarve",
    "player": "67da6c7b66153af922c8c68f",
    "creator": "67da6c7b66153af922c8c68f",
    "race": "67ef2ef8096a9b083e2a760b",
    "culture": "67ef2f7c096a9b083e2a7613",
    "religion": "67ef2fe3096a9b083e2a7619",
    "ruling_nation_org": "67fec9db225f6efeaf686d01",
    "region": "67ef6b3198867826cf7962eb",
    "strengths": [
      "charisma",
      "magic"
    ],
    "weaknesses": [
      "prowess",
      "strategy"
    ],
    "modifiers": [
      {
        "field": "charisma",
        "value": 2,
        "duration": -1,
        "source": "Strength"
      },
      {
        "field": "magic",
        "value": 1,
        "duration": -1,
        "source": "Strength"
      },
      {
        "field": "prowess",
        "value": -1,
        "duration": -1,
        "source": "Weakness"
      },
      {
        "field": "strategy",
        "value": -2,
        "duration": -1,
        "source": "Weakness"
      }
    ],
    "positive_quirk": "Compassionate",
    "negative_quirk": "Careless",
    "character_type": "Merchant",
    "character_subtype": "None",
    "health_status": "Healthy",
    "age": 1,
    "artifacts": [],
    "titles": []
  },
  {
    "_id": "67fec987225f6efeaf686cff",
    "name": "Siivarna VI Jointtide",
    "player": "67fe55a421a497bb1f8f07d3",
    "creator": "67fe55a421a497bb1f8f07d3",
    "race": "67ef577889e17a6e9fa6bc0a",
    "culture": "680abd48c75c6e0314f121c4",
    "religion": "67ef610a690147f64b5a834f",
    "ruling_nation_org": "67fcc917931df27581b0d73d",
    "region": "67ef6b7598867826cf7962f5",
    "strengths": [
      "charisma",
      "magic"
    ],
    "weaknesses": [
      "cunning",
      "strategy"
    ],
    "modifiers": [
      {
        "field": "charisma",
        "value": 1,
        "duration": -1,
        "source": "Strength"
      },
      {
        "field": "magic",
        "value": 1,
        "duration": -1,
        "source": "Strength"
      },
      {
        "field": "cunning",
        "value": -1,
        "duration": -1,
        "source": "Weakness"
      },
      {
        "field": "strategy",
        "value": -1,
        "duration": -1,
        "source": "Weakness"
      }
    ],
    "positive_quirk": "Compassionate",
    "negative_quirk": "Careless",
    "character_type": "Merchant",
    "character_subtype": "None",
    "health_status": "Healthy",
    "age": 1,
    "artifacts": [],
    "titles": []
  },
  {
    "_id": "680055ad67dd9ff94e62d726",
    "name": "Su\u2019ran\u2019suus",
    "player": "68005b7e54f0fc1957238cf4",
    "creator": "68005b7e54f0fc1957238cf4",
    "race": "67ef41ad89e17a6e9fa6bbc3",
    "culture": "67ef5a6c690147f64b5a82bf",
    "religion": "67ef63eb690147f64b5a8381",
    "ruling_nation_org": "6800554567dd9ff94e62d724",
    "region": "67ef6b6c98867826cf7962f3",
    "strengths": [
      "charisma",
      "magic"
    ],
    "weaknesses": [
      "prowess",
      "strategy"
    ],
    "modifiers": [
      {
        "field": "charisma",
        "value": 2,
        "duration": -1,
        "source": "Strength"
      },
      {
        "field": "magic",
        "value": 2,
        "duration": -1,
        "source": "Strength"
      },
      {
        "field": "prowess",
        "value": -1,
        "duration": -1,
        "source": "Weakness"
      },
      {
        "field": "strategy",
        "value": -1,
        "duration": -1,
        "source": "Weakness"
      }
    ],
    "character_type": "Mage",
    "character_subtype": "None",
    "health_status": "Healthy",
    "positive_quirk": "Wise",
    "negative_quirk": "Apathetic",
    "age": 1,
    "artifacts": [],
    "titles": []
  },
  {
    "_id": "6800acec4a005e56861a999d",
    "name": "Liyou Xiyu",
    "player": "67fc9c47c175f9990ba4abad",
    "creator": "67fc9c47c175f9990ba4abad",
    "race": "67ef5838690147f64b5a8293",
    "culture": "67ef2f98096a9b083e2a7615",
    "religion": "67ef63ce690147f64b5a837f",
    "ruling_nation_org": "6800ac6b4a005e56861a999b",
    "region": "67ef6b5c98867826cf7962ef",
    "strengths": [
      "cunning",
      "charisma"
    ],
    "weaknesses": [
      "prowess",
      "strategy"
    ],
    "modifiers": [
      {
        "field": "cunning",
        "value": 2,
        "duration": -1,
        "source": "Strength"
      },
      {
        "field": "charisma",
        "value": 2,
        "duration": -1,
        "source": "Strength"
      },
      {
        "field": "prowess",
        "value": -1,
        "duration": -1,
        "source": "Weakness"
      },
      {
        "field": "strategy",
        "value": -2,
        "duration": -1,
        "source": "Weakness"
      }
    ],
    "character_type": "Merchant",
    "character_subtype": "None",
    "health_status": "Healthy",
    "positive_quirk": "Optimistic",
    "negative_quirk": "Greedy",
    "age": 1
  },
  {
    "_id": "680173754a005e56861a99a8",
    "name": "Agathinus Iordanu",
    "player": "68011a714a005e56861a999f",
    "creator": "68011a714a005e56861a999f",
    "race": "67ef41c689e17a6e9fa6bbc5",
    "culture": "67f0b68c84cf1dc0bf4ffb39",
    "religion": "67f0b6b084cf1dc0bf4ffb3b",
    "ruling_nation_org": "67f0b7b784cf1dc0bf4ffb3d",
    "region": "67ef6b5c98867826cf7962ef",
    "strengths": [
      "charisma",
      "strategy"
    ],
    "weaknesses": [
      "rulership",
      "magic"
    ],
    "modifiers": [
      {
        "field": "charisma",
        "value": 1,
        "duration": -1,
        "source": "Strength"
      },
      {
        "field": "strategy",
        "value": 1,
        "duration": -1,
        "source": "Strength"
      },
      {
        "field": "rulership",
        "value": -1,
        "duration": -1,
        "source": "Weakness"
      },
      {
        "field": "magic",
        "value": -1,
        "duration": -1,
        "source": "Weakness"
      }
    ],
    "character_type": "Populist",
    "character_subtype": "Diplomat",
    "health_status": "Healthy",
    "positive_quirk": "Humble",
    "negative_quirk": "Cowardly",
    "age": 1
  },
  {
    "_id": "68066c164edaac1b95b3ff06",
    "name": "Idhosso i Ranyar",
    "player": "67fca1aec175f9990ba4abb6",
    "creator": "67fca1aec175f9990ba4abb6",
    "race": "67ef564589e17a6e9fa6bbf0",
    "culture": "67ef5ddd690147f64b5a8313",
    "religion": "67ef5f0e690147f64b5a832d",
    "ruling_nation_org": "67ef77d898867826cf79631e",
    "region": "67ef6b7598867826cf7962f5",
    "strengths": [
      "cunning",
      "charisma"
    ],
    "weaknesses": [
      "rulership",
      "prowess"
    ],
    "modifiers": [
      {
        "field": "cunning",
        "value": 1.0,
        "duration": -1,
        "source": "Strength"
      },
      {
        "field": "charisma",
        "value": 2.0,
        "duration": -1,
        "source": "Strength"
      },
      {
        "field": "rulership",
        "value": -1.0,
        "duration": -1,
        "source": "Weakness"
      },
      {
        "field": "prowess",
        "value": -1.0,
        "duration": -1,
        "source": "Weakness"
      },
      {
        "field": "strategy",
        "value": 3.0,
        "duration": 0,
        "source": "Misc"
      },
      {
        "field": "magic",
        "value": 2.0,
        "duration": 0,
        "source": "Misc 2"
      },
      {
        "field": "prowess",
        "value": 1.0,
        "duration": 0,
        "source": "Hall of Remembrance"
      }
    ],
    "character_type": "Religious Leader",
    "character_subtype": "Proselytizer",
    "health_status": "Healthy",
    "positive_quirk": "Compassionate",
    "negative_quirk": "Boring",
    "age": 1,
    "artifacts": [],
    "titles": []
  },
  {
    "_id": "6809d6f07b2961778a9f11a3",
    "name": "Clovis III l'Oint",
    "player": "6806be0a4edaac1b95b3ff0f",
    "creator": "6806be0a4edaac1b95b3ff0f",
    "race": "67ef2f58096a9b083e2a7611",
    "culture": "67ef59bc690147f64b5a82af",
    "religion": "67ef6024690147f64b5a833f",
    "ruling_nation_org": "67ef6f3c98867826cf796300",
    "region": "67ef6b6398867826cf7962f1",
    "strengths": [
      "cunning",
      "charisma"
    ],
    "weaknesses": [
      "prowess",
      "strategy"
    ],
    "modifiers": [
      {
        "field": "cunning",
        "value": 2,
        "duration": -1,
        "source": "Strength"
      },
      {
        "field": "charisma",
        "value": 1,
        "duration": -1,
        "source": "Strength"
      },
      {
        "field": "prowess",
        "value": -2,
        "duration": -1,
        "source": "Weakness"
      },
      {
        "field": "strategy",
        "value": -1,
        "duration": -1,
        "source": "Weakness"
      }
    ],
    "character_type": "Populist",
    "character_subtype": "Orator",
    "health_status": "Healthy",
    "positive_quirk": "Imaginative",
    "negative_quirk": "Arrogant",
    "age": 1
  },
  {
    "_id": "6809d74e7b2961778a9f11a5",
    "name": "Lord William Hamilton",
    "player": "67fca1aec175f9990ba4abb6",
    "creator": "67fca1aec175f9990ba4abb6",
    "race": "67ef41c689e17a6e9fa6bbc5",
    "culture": "67ef7b1798867826cf796341",
    "religion": "67ef7b4298867826cf796343",
    "ruling_nation_org": "6809d6837b2961778a9f11a1",
    "region": "67ef6b5c98867826cf7962ef",
    "strengths": [
      "cunning",
      "charisma"
    ],
    "weaknesses": [
      "magic",
      "strategy"
    ],
    "modifiers": [
      {
        "field": "cunning",
        "value": 2,
        "duration": -1,
        "source": "Strength"
      },
      {
        "field": "charisma",
        "value": 1,
        "duration": -1,
        "source": "Strength"
      },
      {
        "field": "magic",
        "value": -1,
        "duration": -1,
        "source": "Weakness"
      },
      {
        "field": "strategy",
        "value": -1,
        "duration": -1,
        "source": "Weakness"
      }
    ],
    "character_type": "Rogue",
    "character_subtype": "None",
    "health_status": "Healthy",
    "positive_quirk": "Brave",
    "negative_quirk": "Apathetic",
    "age": 1
  },
  {
    "_id": "6809d7ac7b2961778a9f11a7",
    "name": "Honsou",
    "player": "68005b7e54f0fc1957238cf4",
    "creator": "68005b7e54f0fc1957238cf4",
    "race": "67ef57ca89e17a6e9fa6bc11",
    "culture": "67ef5bfb690147f64b5a82e1",
    "religion": "67ef60af690147f64b5a8349",
    "ruling_nation_org": "",
    "region": "",
    "strengths": [
      "cunning",
      "magic"
    ],
    "weaknesses": [
      "rulership",
      "charisma"
    ],
    "modifiers": [
      {
        "field": "cunning",
        "value": 1,
        "duration": -1,
        "source": "Strength"
      },
      {
        "field": "magic",
        "value": 1,
        "duration": -1,
        "source": "Strength"
      },
      {
        "field": "rulership",
        "value": -1,
        "duration": -1,
        "source": "Weakness"
      },
      {
        "field": "charisma",
        "value": -2,
        "duration": -1,
        "source": "Weakness"
      }
    ],
    "character_type": "Mage",
    "character_subtype": "None",
    "health_status": "Healthy",
    "positive_quirk": "Determined",
    "negative_quirk": "Arrogant",
    "age": 1,
    "artifacts": [],
    "titles": []
  },
  {
    "_id": "6809d7fd7b2961778a9f11a9",
    "name": "Asterion",
    "player": "67fdb3a1b68591adb9a85996",
    "creator": "67fdb3a1b68591adb9a85996",
    "race": "67f8b030dadac9e77c5a7fe2",
    "culture": "67f8b04ddadac9e77c5a7fe4",
    "religion": "67f8b00bdadac9e77c5a7fe0",
    "ruling_nation_org": "67f8b0f7dadac9e77c5a7fe6",
    "region": "67ef6b6398867826cf7962f1",
    "strengths": [
      "prowess",
      "strategy"
    ],
    "weaknesses": [
      "cunning",
      "magic"
    ],
    "modifiers": [
      {
        "field": "prowess",
        "value": 2,
        "duration": -1,
        "source": "Strength"
      },
      {
        "field": "strategy",
        "value": 2,
        "duration": -1,
        "source": "Strength"
      },
      {
        "field": "cunning",
        "value": -2,
        "duration": -1,
        "source": "Weakness"
      },
      {
        "field": "magic",
        "value": -1,
        "duration": -1,
        "source": "Weakness"
      }
    ],
    "character_type": "Conqueror",
    "character_subtype": "Duelist",
    "health_status": "Healthy",
    "positive_quirk": "Determined",
    "negative_quirk": "Aggressive",
    "age": 1
  },
  {
    "_id": "680ab957c75c6e0314f121b8",
    "name": "Ludwig the redeemer",
    "player": "67f427c29bb534b15fad7aba",
    "creator": "67f427c29bb534b15fad7aba",
    "race": "67ef55df89e17a6e9fa6bbe6",
    "culture": "67ef5b92690147f64b5a82d9",
    "religion": "67ef639b690147f64b5a837b",
    "ruling_nation_org": "67ef736898867826cf79630e",
    "region": "",
    "strengths": [
      "cunning",
      "prowess"
    ],
    "weaknesses": [
      "rulership",
      "charisma"
    ],
    "modifiers": [
      {
        "field": "cunning",
        "value": 1,
        "duration": -1,
        "source": "Strength"
      },
      {
        "field": "prowess",
        "value": 1,
        "duration": -1,
        "source": "Strength"
      },
      {
        "field": "rulership",
        "value": -2,
        "duration": -1,
        "source": "Weakness"
      },
      {
        "field": "charisma",
        "value": -2,
        "duration": -1,
        "source": "Weakness"
      }
    ],
    "character_type": "Archmage",
    "character_subtype": "Artificer",
    "health_status": "Healthy",
    "positive_quirk": "None",
    "negative_quirk": "None",
    "age": 1,
    "artifacts": [],
    "titles": []
  },
  {
    "_id": "680ab99bc75c6e0314f121ba",
    "name": "Helen Ikaros",
    "player": "680ab46cc75c6e0314f121b1",
    "creator": "680ab46cc75c6e0314f121b1",
    "race": "67ef573489e17a6e9fa6bc06",
    "culture": "67ef5a1c690147f64b5a82b7",
    "religion": "67ef300b096a9b083e2a761b",
    "ruling_nation_org": "67fccfe66b75be3a2d346311",
    "region": "67ef6b6398867826cf7962f1",
    "strengths": [
      "rulership",
      "charisma"
    ],
    "weaknesses": [
      "prowess",
      "magic"
    ],
    "modifiers": [
      {
        "field": "rulership",
        "value": 2,
        "duration": -1,
        "source": "Strength"
      },
      {
        "field": "charisma",
        "value": 2,
        "duration": -1,
        "source": "Strength"
      },
      {
        "field": "prowess",
        "value": -1,
        "duration": -1,
        "source": "Weakness"
      },
      {
        "field": "magic",
        "value": -2,
        "duration": -1,
        "source": "Weakness"
      }
    ],
    "character_type": "Populist",
    "character_subtype": "Diplomat",
    "health_status": "Healthy",
    "positive_quirk": "Articulate",
    "negative_quirk": "Cowardly",
    "age": 1
  },
  {
    "_id": "680aba04c75c6e0314f121bc",
    "name": "Hephaistion Penov",
    "player": "680ab46cc75c6e0314f121b1",
    "creator": "680ab46cc75c6e0314f121b1",
    "race": "67ef573489e17a6e9fa6bc06",
    "culture": "67ef5c9a690147f64b5a82f1",
    "religion": "67ef6292690147f64b5a8369",
    "ruling_nation_org": "67fcc5d29003249a6c1f8a48",
    "region": "67ef6b3198867826cf7962eb",
    "strengths": [
      "cunning",
      "charisma"
    ],
    "weaknesses": [
      "rulership",
      "magic"
    ],
    "modifiers": [
      {
        "field": "cunning",
        "value": 1,
        "duration": -1,
        "source": "Strength"
      },
      {
        "field": "charisma",
        "value": 1,
        "duration": -1,
        "source": "Strength"
      },
      {
        "field": "rulership",
        "value": -1,
        "duration": -1,
        "source": "Weakness"
      },
      {
        "field": "magic",
        "value": -2,
        "duration": -1,
        "source": "Weakness"
      }
    ],
    "character_type": "Rogue",
    "character_subtype": "None",
    "health_status": "Healthy",
    "positive_quirk": "Imaginative",
    "negative_quirk": "Careless",
    "age": 1
  },
  {
    "_id": "680ac39ec75c6e0314f121f3",
    "name": "Alaric \"Sigismund\" Phalan",
    "player": "67ce3911666dc1c32f6ed543",
    "creator": "67ce3911666dc1c32f6ed543",
    "race": "67ef57ca89e17a6e9fa6bc11",
    "culture": "67ef5dab690147f64b5a830d",
    "religion": "67ef610a690147f64b5a834f",
    "ruling_nation_org": "67fccfb26b75be3a2d34630f",
    "region": "67ef6b3198867826cf7962eb",
    "strengths": [
      "magic",
      "strategy"
    ],
    "weaknesses": [
      "rulership",
      "charisma"
    ],
    "modifiers": [
      {
        "field": "rulership",
        "value": -3.0,
        "duration": -1,
        "source": "Stat Trainings"
      },
      {
        "field": "cunning",
        "value": 3.0,
        "duration": -1,
        "source": "Stat Trainings"
      },
      {
        "field": "charisma",
        "value": 1.0,
        "duration": -1,
        "source": "Stat Trainings"
      },
      {
        "field": "prowess",
        "value": 3.0,
        "duration": -1,
        "source": "Stat Trainings"
      },
      {
        "field": "magic",
        "value": 4.0,
        "duration": -1,
        "source": "Stat Trainings"
      },
      {
        "field": "strategy",
        "value": 3.0,
        "duration": -1,
        "source": "Stat Trainings"
      },
      {
        "field": "magic_point_income",
        "value": -1.0,
        "duration": -1,
        "source": "Slow Aging"
      },
      {
        "field": "death_chance_per_age",
        "value": 0.0,
        "duration": -1,
        "source": "Slow Aging"
      },
      {
        "field": "ignore_elderly",
        "value": 1.0,
        "duration": -1,
        "source": "Slow Aging"
      },
      {
        "field": "death_chance",
        "value": 0.0,
        "duration": -1,
        "source": "Mech RP"
      }
    ],
    "character_type": "Conqueror",
    "character_subtype": "Duelist",
    "health_status": "Healthy",
    "positive_quirk": "None",
    "negative_quirk": "Arrogant",
    "age": 5,
    "artifacts": [],
    "titles": [],
    "magic_points": 0
  },
  {
    "_id": "680b2a3860f33e8a31f45f1c",
    "name": "Ilker",
    "player": "67cce34bac60799772ce02b6",
    "creator": "67cce34bac60799772ce02b6",
    "race": "67ef40a089e17a6e9fa6bbb5",
    "culture": "67ef5e80690147f64b5a8325",
    "religion": "67ef6542690147f64b5a8399",
    "ruling_nation_org": "67fde89e21a497bb1f8f07c9",
    "region": "67ef6b6c98867826cf7962f3",
    "strengths": [
      "prowess",
      "strategy"
    ],
    "weaknesses": [
      "rulership",
      "charisma"
    ],
    "modifiers": [
      {
        "field": "prowess",
        "value": 2.0,
        "duration": -1,
        "source": "Strength"
      },
      {
        "field": "strategy",
        "value": 1.0,
        "duration": -1,
        "source": "Strength"
      },
      {
        "field": "rulership",
        "value": -2.0,
        "duration": -1,
        "source": "Weakness"
      },
      {
        "field": "charisma",
        "value": -1.0,
        "duration": -1,
        "source": "Weakness"
      }
    ],
    "character_type": "General",
    "character_subtype": "None",
    "health_status": "Healthy",
    "positive_quirk": "Brave",
    "negative_quirk": "Apathetic",
    "age": 1,
    "artifacts": [],
    "titles": []
  },
  {
    "_id": "680c67a9376dc2bbc45d2d39",
    "name": "Alba Itrafin Torrv\u00e4el",
    "player": "",
    "creator": "",
    "race": "67ef790098867826cf796326",
    "culture": "67ef799198867826cf796331",
    "religion": "67ef7a6398867826cf79633b",
    "ruling_nation_org": "67fcd2d16b75be3a2d346323",
    "region": "67ef6b3198867826cf7962eb",
    "strengths": [
      "charisma",
      "magic"
    ],
    "weaknesses": [
      "prowess",
      "strategy"
    ],
    "modifiers": [
      {
        "field": "charisma",
        "value": 1,
        "duration": -1,
        "source": "Strength"
      },
      {
        "field": "magic",
        "value": 2,
        "duration": -1,
        "source": "Strength"
      },
      {
        "field": "prowess",
        "value": -2,
        "duration": -1,
        "source": "Weakness"
      },
      {
        "field": "strategy",
        "value": -2,
        "duration": -1,
        "source": "Weakness"
      }
    ],
    "character_type": "Merchant",
    "character_subtype": "None",
    "health_status": "Healthy",
    "positive_quirk": "Determined",
    "negative_quirk": "Apathetic",
    "age": 1
  },
  {
    "_id": "680c6845376dc2bbc45d2d3c",
    "name": "Zacksu",
    "player": "67fc4eb248b2fbf476b6110e",
    "creator": "67fc4eb248b2fbf476b6110e",
    "race": "67ef4bf489e17a6e9fa6bbcd",
    "culture": "67ef5e64690147f64b5a8321",
    "religion": "67ef65a3690147f64b5a83a1",
    "ruling_nation_org": "67ef751998867826cf796314",
    "region": "67ef6b5098867826cf7962ed",
    "strengths": [
      "prowess",
      "strategy"
    ],
    "weaknesses": [
      "rulership",
      "cunning"
    ],
    "modifiers": [
      {
        "field": "cunning",
        "value": 1.0,
        "duration": -1,
        "source": "Hall of Rememberance https://discord.com/channels/1188889187018088488/1365520032762957946/1365552682768662628"
      },
      {
        "field": "prowess",
        "value": 2,
        "duration": -1,
        "source": "Strength"
      },
      {
        "field": "strategy",
        "value": 1,
        "duration": -1,
        "source": "Strength"
      },
      {
        "field": "rulership",
        "value": -1,
        "duration": -1,
        "source": "Weakness"
      },
      {
        "field": "cunning",
        "value": -2,
        "duration": -1,
        "source": "Weakness"
      }
    ],
    "character_type": "Conqueror",
    "character_subtype": "Tyrant",
    "health_status": "Healthy",
    "positive_quirk": "Just",
    "negative_quirk": "Aggressive",
    "age": 1
  },
  {
    "_id": "680c68d9376dc2bbc45d2d3e",
    "name": "Riprap Bear",
    "player": "67fc4eb248b2fbf476b6110e",
    "creator": "67fc4eb248b2fbf476b6110e",
    "race": "67ef578989e17a6e9fa6bc0c",
    "culture": "6801e38afb8bef2a70c3612c",
    "religion": "6801e496fb8bef2a70c3616f",
    "ruling_nation_org": "680c6736376dc2bbc45d2d37",
    "region": "67ef6b5c98867826cf7962ef",
    "strengths": [
      "charisma",
      "magic"
    ],
    "weaknesses": [
      "rulership",
      "cunning"
    ],
    "modifiers": [
      {
        "field": "charisma",
        "value": 1,
        "duration": -1,
        "source": "Strength"
      },
      {
        "field": "magic",
        "value": 2,
        "duration": -1,
        "source": "Strength"
      },
      {
        "field": "rulership",
        "value": -1,
        "duration": -1,
        "source": "Weakness"
      },
      {
        "field": "cunning",
        "value": -2,
        "duration": -1,
        "source": "Weakness"
      }
    ],
    "character_type": "Merchant",
    "character_subtype": "None",
    "health_status": "Healthy",
    "positive_quirk": "Generous",
    "negative_quirk": "Careless",
    "age": 1
  },
  {
    "_id": "680c6955376dc2bbc45d2d40",
    "name": "Diomedes Vasilis VI",
    "player": "67fcf78b6b75be3a2d346399",
    "creator": "67fcf78b6b75be3a2d346399",
    "race": "67ef567689e17a6e9fa6bbf4",
    "culture": "67ef59f2690147f64b5a82b5",
    "religion": "67ef6368690147f64b5a8377",
    "ruling_nation_org": "67ef764198867826cf796318",
    "region": "67ef6b7598867826cf7962f5",
    "strengths": [
      "cunning",
      "magic"
    ],
    "weaknesses": [
      "charisma",
      "prowess"
    ],
    "modifiers": [
      {
        "field": "cunning",
        "value": 1.0,
        "duration": -1,
        "source": "Strength"
      },
      {
        "field": "magic",
        "value": 2.0,
        "duration": -1,
        "source": "Strength"
      },
      {
        "field": "charisma",
        "value": -1.0,
        "duration": -1,
        "source": "Weakness"
      },
      {
        "field": "prowess",
        "value": -2.0,
        "duration": -1,
        "source": "Weakness"
      },
      {
        "field": "rulership",
        "value": 1.0,
        "duration": -1,
        "source": "Hall of Rememberance https://discord.com/channels/1188889187018088488/1365555773110747146/1365556379506442330"
      },
      {
        "field": "prowess",
        "value": 2.0,
        "duration": -1,
        "source": "https://discord.com/channels/1188889187018088488/1347792993863733300/1348962911602737163"
      }
    ],
    "character_type": "Archmage",
    "character_subtype": "Scholar",
    "health_status": "Healthy",
    "positive_quirk": "Just",
    "negative_quirk": "Pessimistic",
    "age": 1,
    "artifacts": [],
    "titles": []
  }
]