[
  {
    "_id": "67ef2f7c096a9b083e2a7613",
    "conversion_strength": "Weak",
    "founding_nation": "67e06714d0c984f82323e43c",
    "naming_scheme": "Zulu",
    "trait_two": "None",
    "trait_three": "None",
    "trait_one": "Traditionalist",
    "name": "Ukuvutha"
  },
  {
    "_id": "67ef2f98096a9b083e2a7615",
    "conversion_strength": "Weak",
    "founding_nation": "67f21ebf609d94b5146136e6",
    "naming_scheme": "Taiwanese",
    "trait_two": "None",
    "trait_three": "None",
    "trait_one": "Mercantilist",
    "name": "Abao Liao",
    "pops": "67f30024362c8771ff2f56cb"
  },
  {
    "_id": "67ef2fb2096a9b083e2a7617",
    "conversion_strength": "Moderate",
    "founding_nation": "67ef6d4698867826cf7962fa",
    "naming_scheme": "Greek/Roman",
    "trait_two": "None",
    "trait_three": "None",
    "trait_one": "Progressive",
    "name": "Alturian"
  },
  {
    "_id": "67ef5883690147f64b5a8297",
    "founding_nation": "67f21b869ddc76f881f9e637",
    "trait_three": "None",
    "name": "Apostol",
    "trait_two": "None",
    "trait_one": "Spiritualist",
    "conversion_strength": "Weak",
    "naming_scheme": "Romanian",
    "pops": "67f2db62af8ba078d9f5fc64"
  },
  {
    "_id": "67ef589d690147f64b5a8299",
    "founding_nation": "67ef6df198867826cf7962fc",
    "trait_three": "None",
    "name": "Arkadian",
    "trait_two": "None",
    "trait_one": "Spiritualist",
    "conversion_strength": "Weak",
    "naming_scheme": "Greek/Latin"
  },
  {
    "_id": "67ef58af690147f64b5a829b",
    "founding_nation": "67ef73fc98867826cf796310",
    "trait_three": "None",
    "name": "Athabascan",
    "trait_two": "None",
    "trait_one": "Isolationist",
    "conversion_strength": "Weak",
    "naming_scheme": "Inuit",
    "pops": "67f3093a362c8771ff2f5871"
  },
  {
    "_id": "67ef58cc690147f64b5a829d",
    "founding_nation": "67f21aac9ddc76f881f9e631",
    "trait_three": "None",
    "name": "Azterdol",
    "trait_two": "Isolationist",
    "trait_one": "Traditionalist",
    "conversion_strength": "None",
    "naming_scheme": "Canaanite",
    "pops": "67f2de00af8ba078d9f5fc9e"
  },
  {
    "_id": "67ef58dc690147f64b5a829f",
    "founding_nation": "67f218e79ddc76f881f9e623",
    "trait_three": "None",
    "name": "Bana",
    "trait_two": "None",
    "trait_one": "Egalitarian",
    "conversion_strength": "Weak",
    "naming_scheme": "Indian",
    "pops": "67f2d961af8ba078d9f5fc46"
  },
  {
    "_id": "67ef590e690147f64b5a82a1",
    "founding_nation": "",
    "trait_three": "None",
    "name": "Baz'ta",
    "trait_two": "None",
    "trait_one": "Egalitarian",
    "conversion_strength": "Weak",
    "naming_scheme": "Morrocan"
  },
  {
    "_id": "67ef592c690147f64b5a82a3",
    "founding_nation": "",
    "trait_three": "None",
    "name": "Baz'la",
    "trait_two": "None",
    "trait_one": "Absolutist",
    "conversion_strength": "Weak",
    "naming_scheme": "Berber"
  },
  {
    "_id": "67ef5942690147f64b5a82a5",
    "founding_nation": "67f22463609d94b514613710",
    "trait_three": "None",
    "name": "Bologo",
    "trait_two": "None",
    "trait_one": "Pacifist",
    "conversion_strength": "Weak",
    "naming_scheme": "Shakespearean",
    "pops": "67f308fd362c8771ff2f5862"
  },
  {
    "_id": "67ef595f690147f64b5a82a7",
    "founding_nation": "",
    "trait_three": "None",
    "name": "Burrukam",
    "trait_two": "None",
    "trait_one": "Communalist",
    "conversion_strength": "Weak",
    "naming_scheme": "Sumerian"
  },
  {
    "_id": "67ef5974690147f64b5a82a9",
    "founding_nation": "67f22163609d94b5146136fc",
    "trait_three": "None",
    "name": "Buun",
    "trait_two": "None",
    "trait_one": "Pacifist",
    "conversion_strength": "Weak",
    "naming_scheme": "Aboriginal",
    "pops": "67f30454362c8771ff2f5799"
  },
  {
    "_id": "67ef5994690147f64b5a82ab",
    "founding_nation": "67f217e99ddc76f881f9e61b",
    "trait_three": "None",
    "name": "Cirracha Ciniinuu",
    "trait_two": "None",
    "trait_one": "Progressive",
    "conversion_strength": "Weak",
    "naming_scheme": "Oromo",
    "pops": "67f30144362c8771ff2f5712"
  },
  {
    "_id": "67ef59a8690147f64b5a82ad",
    "founding_nation": "67f21fcd609d94b5146136ee",
    "trait_three": "None",
    "name": "Cirracha Vavau",
    "trait_two": "None",
    "trait_one": "Militarist",
    "conversion_strength": "Weak",
    "naming_scheme": "Oromo"
  },
  {
    "_id": "67ef59bc690147f64b5a82af",
    "founding_nation": "67ef6f3c98867826cf796300",
    "trait_three": "None",
    "name": "Forevantine",
    "trait_two": "None",
    "trait_one": "Communalist",
    "conversion_strength": "Moderate",
    "naming_scheme": "French",
    "pops": []
  },
  {
    "_id": "67ef59cc690147f64b5a82b1",
    "founding_nation": "67f218319ddc76f881f9e61d",
    "trait_three": "None",
    "name": "C'tissian",
    "trait_two": "None",
    "trait_one": "Absolutist",
    "conversion_strength": "Weak",
    "naming_scheme": "Egyptian",
    "pops": "67f1c371f8544b5fac9cf7a8"
  },
  {
    "_id": "67ef59e0690147f64b5a82b3",
    "founding_nation": "67f218af9ddc76f881f9e621",
    "trait_three": "None",
    "name": "Crednughh",
    "trait_two": "None",
    "trait_one": "Communalist",
    "conversion_strength": "Weak",
    "naming_scheme": "Guttural Latin",
    "pops": "67f2d8a8af8ba078d9f5fc2c"
  },
  {
    "_id": "67ef59f2690147f64b5a82b5",
    "founding_nation": "67ef764198867826cf796318",
    "trait_three": "None",
    "name": "Eirini",
    "trait_two": "None",
    "trait_one": "Mercantilist",
    "conversion_strength": "Moderate",
    "naming_scheme": "Greek"
  },
  {
    "_id": "67ef5a1c690147f64b5a82b7",
    "founding_nation": "67f21c7b9ddc76f881f9e63f",
    "trait_three": "None",
    "name": "Fos",
    "trait_two": "None",
    "trait_one": "Progressive",
    "conversion_strength": "Weak",
    "naming_scheme": "Greek",
    "pops": "67f2f982af8ba078d9f5fd80"
  },
  {
    "_id": "67ef5a33690147f64b5a82b9",
    "founding_nation": "67f2171e9ddc76f881f9e616",
    "trait_three": "None",
    "name": "Frosinn",
    "trait_two": "None",
    "trait_one": "Progressive",
    "conversion_strength": "Weak",
    "naming_scheme": "Icelandic",
    "pops": "67f30093362c8771ff2f56e9"
  },
  {
    "_id": "67ef5a45690147f64b5a82bb",
    "founding_nation": "67ef6eba98867826cf7962fe",
    "trait_three": "None",
    "name": "Harmonara",
    "trait_two": "None",
    "trait_one": "Pacifist",
    "conversion_strength": "Weak",
    "naming_scheme": "Celtic"
  },
  {
    "_id": "67ef5a5b690147f64b5a82bd",
    "founding_nation": "67f2118bdc0e88336011dfa9",
    "trait_three": "None",
    "name": "Isalu",
    "trait_two": "None",
    "trait_one": "Mercantilist",
    "conversion_strength": "Weak",
    "naming_scheme": "Azerbaijani",
    "pops": "67f2dea9af8ba078d9f5fcd0"
  },
  {
    "_id": "67ef5a6c690147f64b5a82bf",
    "founding_nation": "67ef774c98867826cf79631c",
    "trait_three": "None",
    "name": "Keida",
    "trait_two": "None",
    "trait_one": "Absolutist",
    "conversion_strength": "Weak",
    "naming_scheme": "Finnish"
  },
  {
    "_id": "67ef5a7d690147f64b5a82c1",
    "founding_nation": "67f21c319ddc76f881f9e63d",
    "trait_three": "None",
    "name": "Kepri",
    "trait_two": "None",
    "trait_one": "Isolationist",
    "conversion_strength": "Weak",
    "naming_scheme": "Greek",
    "pops": "67f2f931af8ba078d9f5fd77"
  },
  {
    "_id": "67ef5a8c690147f64b5a82c3",
    "founding_nation": "",
    "trait_three": "None",
    "name": "Kur",
    "trait_two": "None",
    "trait_one": "Militarist",
    "conversion_strength": "Weak",
    "naming_scheme": "Estonian"
  },
  {
    "_id": "67ef5a9c690147f64b5a82c5",
    "founding_nation": "67f220ae609d94b5146136f6",
    "trait_three": "None",
    "name": "Khamgaalag",
    "trait_two": "None",
    "trait_one": "Spiritualist",
    "conversion_strength": "Weak",
    "naming_scheme": "Mongolian",
    "pops": "67f2fb07af8ba078d9f5fda6"
  },
  {
    "_id": "67ef5aaf690147f64b5a82c7",
    "founding_nation": "67f21f39609d94b5146136ea",
    "trait_three": "None",
    "name": "Koen Ver",
    "trait_two": "None",
    "trait_one": "Secular",
    "conversion_strength": "Weak",
    "naming_scheme": "Belgian",
    "pops": "67f30584362c8771ff2f57ba"
  },
  {
    "_id": "67ef5ac0690147f64b5a82c9",
    "founding_nation": "67ef76d298867826cf79631a",
    "trait_three": "None",
    "name": "Kol'zan",
    "trait_two": "None",
    "trait_one": "Militarist",
    "conversion_strength": "Weak",
    "naming_scheme": "Aztec/Latin"
  },
  {
    "_id": "67ef5acf690147f64b5a82cb",
    "founding_nation": "67f2212d609d94b5146136fa",
    "trait_three": "None",
    "name": "Kua Kua",
    "trait_two": "None",
    "trait_one": "Isolationist",
    "conversion_strength": "Weak",
    "naming_scheme": "Undercommon",
    "pops": "67f3040c362c8771ff2f5791"
  },
  {
    "_id": "67ef5af7690147f64b5a82cd",
    "founding_nation": "67f219389ddc76f881f9e625",
    "trait_three": "None",
    "name": "Latrones",
    "trait_two": "None",
    "trait_one": "Absolutist",
    "conversion_strength": "Weak",
    "naming_scheme": "Latin",
    "pops": "67f2db5faf8ba078d9f5fc62"
  },
  {
    "_id": "67ef5b05690147f64b5a82cf",
    "founding_nation": "67f215f0d3754846a6be80c7",
    "trait_three": "None",
    "name": "Legna Elfi",
    "trait_two": "None",
    "trait_one": "Absolutist",
    "conversion_strength": "Weak",
    "naming_scheme": "Italian",
    "pops": "67f2b1fdaf8ba078d9f5fbb8"
  },
  {
    "_id": "67ef5b1f690147f64b5a82d1",
    "founding_nation": "67f21f39609d94b5146136ea",
    "trait_three": "None",
    "name": "Lematis",
    "trait_two": "None",
    "trait_one": "Egalitarian",
    "conversion_strength": "Weak",
    "naming_scheme": "Lateiren",
    "pops": "67f300ba362c8771ff2f56ec"
  },
  {
    "_id": "67ef5b32690147f64b5a82d3",
    "founding_nation": "67f21d75609d94b5146136d8",
    "trait_three": "None",
    "name": "Libarna",
    "trait_two": "None",
    "trait_one": "Absolutist",
    "conversion_strength": "Weak",
    "naming_scheme": "Queen's English",
    "pops": "67f2fb4faf8ba078d9f5fda9"
  },
  {
    "_id": "67ef5b42690147f64b5a82d5",
    "founding_nation": "67ef71c898867826cf796308",
    "trait_three": "None",
    "name": "Lyroan",
    "trait_two": "None",
    "trait_one": "Egalitarian",
    "conversion_strength": "Moderate",
    "naming_scheme": "Celtic/Latin"
  },
  {
    "_id": "67ef5b7e690147f64b5a82d7",
    "founding_nation": "67f218659ddc76f881f9e61f",
    "trait_three": "None",
    "name": "Magro",
    "trait_two": "None",
    "trait_one": "Individualist",
    "conversion_strength": "Weak",
    "naming_scheme": "Mayan",
    "pops": "67f2fdacaf8ba078d9f5fe20"
  },
  {
    "_id": "67ef5b92690147f64b5a82d9",
    "founding_nation": "67ef736898867826cf79630e",
    "trait_three": "None",
    "name": "Marchandres",
    "trait_two": "None",
    "trait_one": "Traditionalist",
    "conversion_strength": "Weak",
    "naming_scheme": "Parental Choice"
  },
  {
    "_id": "67ef5ba5690147f64b5a82db",
    "founding_nation": "67f21e55609d94b5146136e2",
    "trait_three": "None",
    "name": "Masiran",
    "trait_two": "None",
    "trait_one": "Progressive",
    "conversion_strength": "Weak",
    "naming_scheme": "Persian",
    "pops": "67f2fd31af8ba078d9f5fe14"
  },
  {
    "_id": "67ef5bbf690147f64b5a82dd",
    "founding_nation": "67f21d33609d94b5146136d6",
    "trait_three": "None",
    "name": "Mielruraq",
    "trait_two": "None",
    "trait_one": "Communalist",
    "conversion_strength": "Weak",
    "naming_scheme": "Quechua",
    "pops": "67f2fa8caf8ba078d9f5fd94"
  },
  {
    "_id": "67ef5bd4690147f64b5a82df",
    "founding_nation": "67f22029609d94b5146136f2",
    "trait_three": "None",
    "name": "Mohadic",
    "trait_two": "None",
    "trait_one": "Absolutist",
    "conversion_strength": "Weak",
    "naming_scheme": "Arabic",
    "pops": "67f30242362c8771ff2f5741"
  },
  {
    "_id": "67ef5bfb690147f64b5a82e1",
    "founding_nation": "",
    "trait_three": "None",
    "name": "Mortalism",
    "trait_two": "None",
    "trait_one": "Traditionalist",
    "conversion_strength": "Weak",
    "naming_scheme": "Religious"
  },
  {
    "_id": "67ef5c0c690147f64b5a82e3",
    "founding_nation": "67f21c0b9ddc76f881f9e63b",
    "trait_three": "None",
    "name": "Nixao",
    "trait_two": "None",
    "trait_one": "Secular",
    "conversion_strength": "Weak",
    "naming_scheme": "Canadian",
    "pops": "67f2f835af8ba078d9f5fd5d"
  },
  {
    "_id": "67ef5c2e690147f64b5a82e7",
    "founding_nation": "67f22261609d94b514613704",
    "trait_three": "None",
    "name": "Pata'py",
    "trait_two": "None",
    "trait_one": "Pacifist",
    "conversion_strength": "Weak",
    "naming_scheme": "Egyptian",
    "pops": "67f306f6362c8771ff2f57f1"
  },
  {
    "_id": "67ef5c41690147f64b5a82e9",
    "founding_nation": "",
    "trait_three": "None",
    "name": "Pecunia",
    "trait_two": "None",
    "trait_one": "Individualist",
    "conversion_strength": "Weak",
    "naming_scheme": "Latin"
  },
  {
    "_id": "67ef5c52690147f64b5a82eb",
    "founding_nation": "67ef703c98867826cf796304",
    "trait_three": "None",
    "name": "Reman",
    "trait_two": "None",
    "trait_one": "Mercantilist",
    "conversion_strength": "Moderate",
    "naming_scheme": "Modern Italian"
  },
  {
    "_id": "67ef5c64690147f64b5a82ed",
    "founding_nation": "67ef749f98867826cf796312",
    "trait_three": "None",
    "name": "Usonian",
    "trait_two": "None",
    "trait_one": "Egalitarian",
    "conversion_strength": "Moderate",
    "naming_scheme": "Proto-Germanic",
    "pops": []
  },
  {
    "_id": "67ef5c86690147f64b5a82ef",
    "founding_nation": "67ef712c98867826cf796306",
    "trait_three": "None",
    "name": "Ryongsa",
    "trait_two": "None",
    "trait_one": "Isolationist",
    "conversion_strength": "Weak",
    "naming_scheme": "Korean/Chinese"
  },
  {
    "_id": "67ef5c9a690147f64b5a82f1",
    "founding_nation": "67f21ef3609d94b5146136e8",
    "trait_three": "None",
    "name": "Seldan",
    "trait_two": "None",
    "trait_one": "Spiritualist",
    "conversion_strength": "Weak",
    "naming_scheme": "Macedonian",
    "pops": "67f30082362c8771ff2f56e2"
  },
  {
    "_id": "67ef5cb4690147f64b5a82f3",
    "founding_nation": "67ef75be98867826cf796316",
    "trait_three": "None",
    "name": "Shen",
    "trait_two": "None",
    "trait_one": "Spiritualist",
    "conversion_strength": "Weak",
    "naming_scheme": "French/English"
  },
  {
    "_id": "67ef5cc5690147f64b5a82f5",
    "founding_nation": "67ef75be98867826cf796316",
    "trait_three": "None",
    "name": "Shen-Baz",
    "trait_two": "None",
    "trait_one": "Progressive",
    "conversion_strength": "Weak",
    "naming_scheme": "English/Berberr"
  },
  {
    "_id": "67ef5cde690147f64b5a82f7",
    "founding_nation": "67f222df609d94b514613708",
    "trait_three": "None",
    "name": "Shen-Eklate",
    "trait_two": "None",
    "trait_one": "Isolationist",
    "conversion_strength": "Weak",
    "naming_scheme": "French/German",
    "pops": "67f3077c362c8771ff2f580f"
  },
  {
    "_id": "67ef5ced690147f64b5a82f9",
    "founding_nation": "67f221a4609d94b5146136fe",
    "trait_three": "None",
    "name": "Silaksi",
    "trait_two": "None",
    "trait_one": "Communalist",
    "conversion_strength": "Weak",
    "naming_scheme": "Norse",
    "pops": "67f2f34faf8ba078d9f5fd15"
  },
  {
    "_id": "67ef5d01690147f64b5a82fb",
    "founding_nation": "67ef703c98867826cf796304",
    "trait_three": "None",
    "name": "Silvanian",
    "trait_two": "None",
    "trait_one": "Mercantilist",
    "conversion_strength": "Weak",
    "naming_scheme": "Modern Italian",
    "pops": "67f307ff362c8771ff2f582b"
  },
  {
    "_id": "67ef5d11690147f64b5a82fd",
    "founding_nation": "",
    "trait_three": "None",
    "name": "Silvanian-Rudri",
    "trait_two": "None",
    "trait_one": "Militarist",
    "conversion_strength": "Weak",
    "naming_scheme": "Modern Italian"
  },
  {
    "_id": "67ef5d1e690147f64b5a82ff",
    "founding_nation": "67f219f29ddc76f881f9e62b",
    "trait_three": "None",
    "name": "Silvu'sat",
    "trait_two": "None",
    "trait_one": "Mercantilist",
    "conversion_strength": "Weak",
    "naming_scheme": "Sami",
    "pops": "67f2f87eaf8ba078d9f5fd69"
  },
  {
    "_id": "67ef5d2d690147f64b5a8301",
    "founding_nation": "67f219bd9ddc76f881f9e629",
    "trait_three": "None",
    "name": "Sparvo-ak",
    "trait_two": "None",
    "trait_one": "Progressive",
    "conversion_strength": "Weak",
    "naming_scheme": "Swedish",
    "pops": "67f2f522af8ba078d9f5fd2e"
  },
  {
    "_id": "67ef5d3f690147f64b5a8303",
    "founding_nation": "67f21f7a609d94b5146136ec",
    "trait_three": "None",
    "name": "Sparvo",
    "trait_two": "None",
    "trait_one": "Communalist",
    "conversion_strength": "Weak",
    "naming_scheme": "Norwegian",
    "pops": "67f300ef362c8771ff2f56fc"
  },
  {
    "_id": "67ef5d54690147f64b5a8305",
    "founding_nation": "",
    "trait_three": "None",
    "name": "Starbound",
    "trait_two": "Communalist",
    "trait_one": "Progressive",
    "conversion_strength": "Moderate",
    "naming_scheme": "Unintelligible Grumbling"
  },
  {
    "_id": "67ef5d68690147f64b5a8307",
    "founding_nation": "67f219789ddc76f881f9e627",
    "trait_three": "None",
    "name": "Sunswept",
    "trait_two": "Mercantilist",
    "trait_one": "Spiritualist",
    "conversion_strength": "Strong",
    "naming_scheme": "Numenorian",
    "pops": "67f2dcaaaf8ba078d9f5fc81"
  },
  {
    "_id": "67ef5d78690147f64b5a8309",
    "founding_nation": "67ef725298867826cf79630a",
    "trait_three": "None",
    "name": "Suyhi",
    "trait_two": "None",
    "trait_one": "Spiritualist",
    "conversion_strength": "Moderate",
    "naming_scheme": "Thai"
  },
  {
    "_id": "67ef5d85690147f64b5a830b",
    "founding_nation": "67f221e5609d94b514613700",
    "trait_three": "None",
    "name": "Tarngaka",
    "trait_two": "None",
    "trait_one": "Progressive",
    "conversion_strength": "Weak",
    "naming_scheme": "Maori/Mongolian",
    "pops": "67f3060f362c8771ff2f57ce"
  },
  {
    "_id": "67ef5dab690147f64b5a830d",
    "founding_nation": "67f21a3e9ddc76f881f9e62d",
    "trait_three": "None",
    "name": "The Bears",
    "trait_two": "None",
    "trait_one": "Communalist",
    "conversion_strength": "Weak",
    "naming_scheme": "Modern English",
    "pops": "67f2f6abaf8ba078d9f5fd3d"
  },
  {
    "_id": "67ef5dbb690147f64b5a830f",
    "founding_nation": "67f21e91609d94b5146136e4",
    "trait_three": "None",
    "name": "Tsymisyran",
    "trait_two": "None",
    "trait_one": "Individualist",
    "conversion_strength": "Weak",
    "naming_scheme": "Malagasy",
    "pops": "67f2ffd7362c8771ff2f56b2"
  },
  {
    "_id": "67ef5dce690147f64b5a8311",
    "founding_nation": "67f2220b609d94b514613702",
    "trait_three": "None",
    "name": "Vaetua",
    "trait_two": "None",
    "trait_one": "Spiritualist",
    "conversion_strength": "Weak",
    "naming_scheme": "Tahiti",
    "pops": "67f3067a362c8771ff2f57e9"
  },
  {
    "_id": "67ef5ddd690147f64b5a8313",
    "founding_nation": "67ef77d898867826cf79631e",
    "trait_three": "None",
    "name": "Vandadorian",
    "trait_two": "None",
    "trait_one": "Spiritualist",
    "conversion_strength": "Weak",
    "naming_scheme": "Sindarin"
  },
  {
    "_id": "67ef5ded690147f64b5a8315",
    "founding_nation": "67f21f39609d94b5146136ea",
    "trait_three": "None",
    "name": "Vertaling",
    "trait_two": "None",
    "trait_one": "Pacifist",
    "conversion_strength": "Weak",
    "naming_scheme": "Dutch",
    "pops": "67f3083f362c8771ff2f5837"
  },
  {
    "_id": "67ef5e0a690147f64b5a8317",
    "founding_nation": "67f2179f9ddc76f881f9e619",
    "trait_three": "None",
    "name": "Vilppu",
    "trait_two": "None",
    "trait_one": "Spiritualist",
    "conversion_strength": "Weak",
    "naming_scheme": "Finnish",
    "pops": "67f2b3a6af8ba078d9f5fbd7"
  },
  {
    "_id": "67ef5e1a690147f64b5a8319",
    "founding_nation": "67ef78be98867826cf796322",
    "trait_three": "None",
    "name": "Vyril-Q'uar",
    "trait_two": "None",
    "trait_one": "Militarist",
    "conversion_strength": "Weak",
    "naming_scheme": "Makhuwa"
  },
  {
    "_id": "67ef5e2c690147f64b5a831b",
    "founding_nation": "67ef784498867826cf796320",
    "trait_three": "None",
    "name": "Vyssaffian",
    "trait_two": "None",
    "trait_one": "Absolutist",
    "conversion_strength": "Weak",
    "naming_scheme": "French/Greek"
  },
  {
    "_id": "67ef5e3d690147f64b5a831d",
    "founding_nation": "67f22413609d94b51461370e",
    "trait_three": "None",
    "name": "Vyssaffian Pure",
    "trait_two": "None",
    "trait_one": "Traditionalist",
    "conversion_strength": "Weak",
    "naming_scheme": "Greek",
    "pops": "67f2f351af8ba078d9f5fd17"
  },
  {
    "_id": "67ef5e50690147f64b5a831f",
    "founding_nation": "",
    "trait_three": "None",
    "name": "Xalthian",
    "trait_two": "None",
    "trait_one": "Spiritualist",
    "conversion_strength": "Weak",
    "naming_scheme": "Insectoid"
  },
  {
    "_id": "67ef5e64690147f64b5a8321",
    "founding_nation": "67ef751998867826cf796314",
    "trait_three": "None",
    "name": "Yakusai",
    "trait_two": "None",
    "trait_one": "Progressive",
    "conversion_strength": "Weak",
    "naming_scheme": "Ainu/Japanese"
  },
  {
    "_id": "67ef5e71690147f64b5a8323",
    "founding_nation": "67f21e91609d94b5146136e4",
    "trait_three": "None",
    "name": "Yeremey",
    "trait_two": "None",
    "trait_one": "Traditionalist",
    "conversion_strength": "Weak",
    "naming_scheme": "Slavic",
    "pops": "67f2fffd362c8771ff2f56c5"
  },
  {
    "_id": "67ef5e80690147f64b5a8325",
    "founding_nation": "67f21ff9609d94b5146136f0",
    "trait_three": "None",
    "name": "Zengin",
    "trait_two": "None",
    "trait_one": "Militarist",
    "conversion_strength": "Weak",
    "naming_scheme": "Turkish",
    "pops": "67f30200362c8771ff2f5735"
  },
  {
    "_id": "67ef5e98690147f64b5a8327",
    "founding_nation": "67ef6fbf98867826cf796302",
    "trait_three": "None",
    "name": "Zhengyi de Ren",
    "trait_two": "None",
    "trait_one": "Absolutist",
    "conversion_strength": "Weak",
    "naming_scheme": "Traditional Chinese"
  },
  {
    "_id": "67ef5ea7690147f64b5a8329",
    "founding_nation": "67f22071609d94b5146136f4",
    "trait_three": "None",
    "name": "\u2234\u254e\u2138 \u0323 \u2351\u254e\u30ea",
    "trait_two": "None",
    "trait_one": "Isolationist",
    "conversion_strength": "Weak",
    "naming_scheme": "Galactic Alphabet",
    "pops": "67f302cf362c8771ff2f575b"
  },
  {
    "_id": "67ef795998867826cf79632c",
    "trait_two": "None",
    "conversion_strength": "Weak",
    "naming_scheme": "Norse/Japanese",
    "name": "The Valari Way",
    "founding_nation": "",
    "trait_one": "Mercantilist",
    "trait_three": "None"
  },
  {
    "_id": "67ef796a98867826cf79632e",
    "trait_two": "None",
    "conversion_strength": "Weak",
    "naming_scheme": "Dilani",
    "name": "Elishian",
    "founding_nation": "67ef7d7de311e8b3699a1b1a",
    "trait_one": "Communalist",
    "trait_three": "None",
    "pops": "67f1d836f8544b5fac9cf978"
  },
  {
    "_id": "67ef799198867826cf796331",
    "trait_two": "None",
    "conversion_strength": "Weak",
    "naming_scheme": "Latin/Arabic",
    "name": "Yashmari",
    "founding_nation": "67ef7f0fe311e8b3699a1b1e",
    "trait_one": "Communalist",
    "trait_three": "None",
    "pops": "67f1d546f8544b5fac9cf914"
  },
  {
    "_id": "67ef79a898867826cf796333",
    "trait_two": "None",
    "conversion_strength": "Weak",
    "naming_scheme": "English",
    "name": "Etiquissim",
    "founding_nation": "67ef7f8ae311e8b3699a1b20",
    "trait_one": "Traditionalist",
    "trait_three": "None",
    "pops": "67f1d59ef8544b5fac9cf928"
  },
  {
    "_id": "67ef79bc98867826cf796335",
    "trait_two": "None",
    "conversion_strength": "Weak",
    "naming_scheme": "Norse",
    "name": "Vorkatr-Dawi",
    "founding_nation": "",
    "trait_one": "Progressive",
    "trait_three": "None"
  },
  {
    "_id": "67ef79ce98867826cf796337",
    "trait_two": "None",
    "conversion_strength": "Weak",
    "naming_scheme": "Turkish",
    "name": "Paljal",
    "founding_nation": "67ef81f6e311e8b3699a1b24",
    "trait_one": "Communalist",
    "trait_three": "None",
    "pops": "67f1d764f8544b5fac9cf944"
  },
  {
    "_id": "67ef7b1798867826cf796341",
    "trait_two": "None",
    "conversion_strength": "Weak",
    "naming_scheme": "Elizabethan English",
    "name": "Anglish",
    "founding_nation": "67ef7c0698867826cf796345",
    "trait_one": "Individualist",
    "trait_three": "None",
    "pops": "67f1d7a5f8544b5fac9cf95c"
  },
  {
    "_id": "67f0b68c84cf1dc0bf4ffb39",
    "founding_nation": "67f0b7b784cf1dc0bf4ffb3d",
    "trait_one": "Militarist",
    "conversion_strength": "Weak",
    "trait_two": "None",
    "name": "Munnv\u00f6r\u00f0r",
    "trait_three": "None",
    "naming_scheme": "Old Norse"
  },
  {
    "_id": "67f1c6eff8544b5fac9cf7e8",
    "trait_three": "None",
    "founding_nation": "",
    "trait_one": "None",
    "trait_two": "None",
    "naming_scheme": "Unkown",
    "name": "Temp Manlaago Fronds Culture",
    "conversion_strength": "None"
  },
  {
    "_id": "67f2165fd3754846a6be80cb",
    "trait_one": "None",
    "founding_nation": "67f216a6d3754846a6be80d0",
    "name": "Al'Trox",
    "trait_three": "None",
    "trait_two": "None",
    "conversion_strength": "None",
    "naming_scheme": "Unknown",
    "pops": "67f2b176af8ba078d9f5fbb2"
  },
  {
    "_id": "67f8af98dadac9e77c5a7fdc",
    "name": "Rivonii",
    "naming_scheme": "Roman, Greek, Spanish",
    "founding_nation": "67f8b215dadac9e77c5a7fe9",
    "conversion_strength": "Moderate",
    "trait_one": "Progressive",
    "trait_two": "None",
    "trait_three": "None"
  },
  {
    "_id": "67f8b04ddadac9e77c5a7fe4",
    "name": "Ruhkarn",
    "naming_scheme": "???",
    "founding_nation": "67f8b0f7dadac9e77c5a7fe6",
    "conversion_strength": "Moderate",
    "trait_one": "Militarist",
    "trait_two": "None",
    "trait_three": "None"
  },
  {
    "_id": "6801e17cfb8bef2a70c360fa",
    "name": "Velgari",
    "naming_scheme": "Russian",
    "founding_nation": "6801e556fb8bef2a70c3617f",
    "conversion_strength": "Moderate",
    "trait_one": "Individualist",
    "trait_two": "None",
    "trait_three": "None",
    "pops": []
  },
  {
    "_id": "6801e193fb8bef2a70c360fc",
    "name": "Zahari",
    "naming_scheme": "Arabic",
    "founding_nation": "6801e5b1fb8bef2a70c36181",
    "conversion_strength": "Moderate",
    "trait_one": "Absolutist",
    "trait_two": "None",
    "trait_three": "None",
    "pops": []
  },
  {
    "_id": "6801e1a6fb8bef2a70c360fe",
    "name": "Mimgrond",
    "naming_scheme": "???",
    "founding_nation": "6801e89ba39a3e1b787aea31",
    "conversion_strength": "Moderate",
    "trait_one": "Absolutist",
    "trait_two": "None",
    "trait_three": "None",
    "pops": []
  },
  {
    "_id": "6801e1fbfb8bef2a70c36100",
    "name": "Svaranagar",
    "naming_scheme": "Hindi",
    "founding_nation": "6801e957a39a3e1b787aea37",
    "conversion_strength": "Moderate",
    "trait_one": "Militarist",
    "trait_two": "None",
    "trait_three": "None",
    "pops": []
  },
  {
    "_id": "6801e20afb8bef2a70c36102",
    "name": "Ti\u0101nli\u00e0o",
    "naming_scheme": "Mandarin",
    "founding_nation": "6801e9b0a39a3e1b787aea39",
    "conversion_strength": "Moderate",
    "trait_one": "Progressive",
    "trait_two": "None",
    "trait_three": "None",
    "pops": []
  },
  {
    "_id": "6801e220fb8bef2a70c36104",
    "name": "Skelvingar",
    "naming_scheme": "Celtic/Norse",
    "founding_nation": "6801ea4f39c53e13173a867b",
    "conversion_strength": "Moderate",
    "trait_one": "Progressive",
    "trait_two": "None",
    "trait_three": "None",
    "pops": []
  },
  {
    "_id": "6801e237fb8bef2a70c36106",
    "name": "Rungaingan",
    "naming_scheme": "???",
    "founding_nation": "6801ea8b39c53e13173a867d",
    "conversion_strength": "Moderate",
    "trait_one": "Spiritualist",
    "trait_two": "None",
    "trait_three": "None",
    "pops": []
  },
  {
    "_id": "6801e2a1fb8bef2a70c36108",
    "name": "Fuwafuwa",
    "naming_scheme": "Japanese",
    "founding_nation": "6801eb07a39a3e1b787aea3b",
    "conversion_strength": "Moderate",
    "trait_one": "Isolationist",
    "trait_two": "None",
    "trait_three": "None",
    "pops": []
  },
  {
    "_id": "6801e2b2fb8bef2a70c3610a",
    "name": "Luminean",
    "naming_scheme": "French",
    "founding_nation": "6801eb8ca39a3e1b787aea3d",
    "conversion_strength": "Moderate",
    "trait_one": "Communalist",
    "trait_two": "None",
    "trait_three": "None",
    "pops": []
  },
  {
    "_id": "6801e2d6fb8bef2a70c3610c",
    "name": "Claritano",
    "naming_scheme": "Portuguese",
    "founding_nation": "6801ec02a39a3e1b787aea3f",
    "conversion_strength": "Moderate",
    "trait_one": "Pacifist",
    "trait_two": "None",
    "trait_three": "None",
    "pops": []
  },
  {
    "_id": "6801e2ebfb8bef2a70c3610e",
    "name": "Solmari",
    "naming_scheme": "Milanese",
    "founding_nation": "6801ece1a39a3e1b787aea45",
    "conversion_strength": "Moderate",
    "trait_one": "Mercantilist",
    "trait_two": "None",
    "trait_three": "None",
    "pops": []
  },
  {
    "_id": "6801e2f8fb8bef2a70c36110",
    "name": "Valoni",
    "naming_scheme": "Finnish",
    "founding_nation": "6801ed5ea39a3e1b787aea49",
    "conversion_strength": "Moderate",
    "trait_one": "Egalitarian",
    "trait_two": "None",
    "trait_three": "None",
    "pops": []
  },
  {
    "_id": "6801e306fb8bef2a70c36112",
    "name": "Svitlodokh",
    "naming_scheme": "Ukrainian",
    "founding_nation": "6801ed9aa39a3e1b787aea4b",
    "conversion_strength": "Moderate",
    "trait_one": "Militarist",
    "trait_two": "None",
    "trait_three": "None",
    "pops": []
  },
  {
    "_id": "6801e314fb8bef2a70c36114",
    "name": "Sema\u2019sal",
    "naming_scheme": "Amharic",
    "founding_nation": "6801edd2a39a3e1b787aea4d",
    "conversion_strength": "Moderate",
    "trait_one": "Traditionalist",
    "trait_two": "None",
    "trait_three": "None",
    "pops": []
  },
  {
    "_id": "6801e31efb8bef2a70c36116",
    "name": "Mehran\u2019s People",
    "naming_scheme": "Persian",
    "founding_nation": "6801ee31a39a3e1b787aea4f",
    "conversion_strength": "Moderate",
    "trait_one": "Absolutist",
    "trait_two": "None",
    "trait_three": "None",
    "pops": []
  },
  {
    "_id": "6801e329fb8bef2a70c36118",
    "name": "Tlalocatl",
    "naming_scheme": "Nahuatl",
    "founding_nation": "6801eeb4a39a3e1b787aea51",
    "conversion_strength": "Moderate",
    "trait_one": "Spiritualist",
    "trait_two": "None",
    "trait_three": "None",
    "pops": []
  },
  {
    "_id": "6801e333fb8bef2a70c3611a",
    "name": "Dravani",
    "naming_scheme": "Tamil",
    "founding_nation": "6801eefba39a3e1b787aea53",
    "conversion_strength": "Moderate",
    "trait_one": "Traditionalist",
    "trait_two": "None",
    "trait_three": "None",
    "pops": []
  },
  {
    "_id": "6801e33cfb8bef2a70c3611c",
    "name": "Euskari Templars",
    "naming_scheme": "???",
    "founding_nation": "6801efeea39a3e1b787aea5b",
    "conversion_strength": "Moderate",
    "trait_one": "Spiritualist",
    "trait_two": "None",
    "trait_three": "None",
    "pops": []
  },
  {
    "_id": "6801e344fb8bef2a70c3611e",
    "name": "Arawana",
    "naming_scheme": "???",
    "founding_nation": "",
    "conversion_strength": "None",
    "trait_one": "None",
    "trait_two": "None",
    "trait_three": "None",
    "pops": []
  },
  {
    "_id": "6801e34efb8bef2a70c36120",
    "name": "Yu\u00e1nr\u00e9n",
    "naming_scheme": "Cantonese",
    "founding_nation": "6801f033a39a3e1b787aea5d",
    "conversion_strength": "Moderate",
    "trait_one": "Secular",
    "trait_two": "None",
    "trait_three": "None",
    "pops": []
  },
  {
    "_id": "6801e358fb8bef2a70c36122",
    "name": "Kushari",
    "naming_scheme": "Nubian",
    "founding_nation": "6801f0b3a39a3e1b787aea63",
    "conversion_strength": "Moderate",
    "trait_one": "Militarist",
    "trait_two": "None",
    "trait_three": "None",
    "pops": []
  },
  {
    "_id": "6801e362fb8bef2a70c36124",
    "name": "Samsinara",
    "naming_scheme": "S\u00e1mi",
    "founding_nation": "6801f0dba39a3e1b787aea65",
    "conversion_strength": "Moderate",
    "trait_one": "Mercantilist",
    "trait_two": "None",
    "trait_three": "None",
    "pops": []
  },
  {
    "_id": "6801e36cfb8bef2a70c36126",
    "name": "Qalbariyyun",
    "naming_scheme": "Classical Arabic",
    "founding_nation": "6801f107a39a3e1b787aea67",
    "conversion_strength": "Moderate",
    "trait_one": "Secular",
    "trait_two": "None",
    "trait_three": "None",
    "pops": []
  },
  {
    "_id": "6801e375fb8bef2a70c36128",
    "name": "Malo-Yoani",
    "naming_scheme": "Malay",
    "founding_nation": "6801f147a39a3e1b787aea69",
    "conversion_strength": "Moderate",
    "trait_one": "Isolationist",
    "trait_two": "None",
    "trait_three": "None",
    "pops": []
  },
  {
    "_id": "6801e37ffb8bef2a70c3612a",
    "name": "Inkari",
    "naming_scheme": "Quechua",
    "founding_nation": "6801f177a39a3e1b787aea6b",
    "conversion_strength": "Moderate",
    "trait_one": "Progressive",
    "trait_two": "None",
    "trait_three": "None",
    "pops": []
  },
  {
    "_id": "6801e38afb8bef2a70c3612c",
    "name": "Tsetlanii",
    "naming_scheme": "Tzeltal",
    "founding_nation": "67fce76c6b75be3a2d346366",
    "conversion_strength": "Moderate",
    "trait_one": "Absolutist",
    "trait_two": "None",
    "trait_three": "None",
    "pops": []
  },
  {
    "_id": "6801e393fb8bef2a70c3612e",
    "name": "Gorodani",
    "naming_scheme": "Belarusian",
    "founding_nation": "6801f255a39a3e1b787aea70",
    "conversion_strength": "Moderate",
    "trait_one": "Individualist",
    "trait_two": "None",
    "trait_three": "None",
    "pops": []
  },
  {
    "_id": "6801e39efb8bef2a70c36130",
    "name": "Anacani",
    "naming_scheme": "Ta\u00edno",
    "founding_nation": "6801f2b0a39a3e1b787aea74",
    "conversion_strength": "Moderate",
    "trait_one": "Communalist",
    "trait_two": "None",
    "trait_three": "None",
    "pops": []
  },
  {
    "_id": "6801e3aafb8bef2a70c36132",
    "name": "Tirakhi",
    "naming_scheme": "Urdu",
    "founding_nation": "6801f2f1a39a3e1b787aea76",
    "conversion_strength": "Moderate",
    "trait_one": "Militarist",
    "trait_two": "None",
    "trait_three": "None",
    "pops": []
  },
  {
    "_id": "6801e3b3fb8bef2a70c36134",
    "name": "Ulgiyan",
    "naming_scheme": "Mongolian",
    "founding_nation": "6801f3d9a39a3e1b787aea7f",
    "conversion_strength": "Moderate",
    "trait_one": "Pacifist",
    "trait_two": "None",
    "trait_three": "None",
    "pops": []
  },
  {
    "_id": "6801e3c1fb8bef2a70c36136",
    "name": "Okotoese",
    "naming_scheme": "Chukchi",
    "founding_nation": "6801f459a39a3e1b787aea83",
    "conversion_strength": "Moderate",
    "trait_one": "Individualist",
    "trait_two": "None",
    "trait_three": "None",
    "pops": []
  },
  {
    "_id": "6801e3cafb8bef2a70c36138",
    "name": "Fonji",
    "naming_scheme": "Fon",
    "founding_nation": "6801f482a39a3e1b787aea85",
    "conversion_strength": "Moderate",
    "trait_one": "Individualist",
    "trait_two": "None",
    "trait_three": "None",
    "pops": []
  },
  {
    "_id": "6801e3d6fb8bef2a70c3613a",
    "name": "Ka\u2019Unda",
    "naming_scheme": "Wolof",
    "founding_nation": "6801f4cba39a3e1b787aea89",
    "conversion_strength": "Moderate",
    "trait_one": "Individualist",
    "trait_two": "None",
    "trait_three": "None",
    "pops": []
  },
  {
    "_id": "680abd48c75c6e0314f121c4",
    "name": "Flowing Valley",
    "naming_scheme": "\"Flowing\"",
    "founding_nation": "67ef72db98867826cf79630c",
    "conversion_strength": "Moderate",
    "trait_one": "Spiritualist",
    "trait_two": "None",
    "trait_three": "None",
    "pops": []
  }
]