[
  {
    "_id": "67fcc5d29003249a6c1f8a48",
    "name": "Jasna Penov",
    "reputation": "Great",
    "location": "67f21ef3609d94b5146136e8",
    "treasury": 915,
    "production_district_1": "large_farm",
    "production_district_2": "stone_quarry",
    "production_district_3": "great_forge",
    "specialty_district": "custom_boxes",
    "luxury_district": "dye_pottsman",
    "leaders": [],
    "resource_storage": {
      "food": 12,
      "wood": 0,
      "stone": 5,
      "mounts": 0,
      "research": 0,
      "magic": 0,
      "bronze": 2,
      "iron": 0
    }
  },
  {
    "_id": "67fcc917931df27581b0d73d",
    "name": "The Taksi Cooperative",
    "reputation": "Great",
    "location": "67f221a4609d94b5146136fe",
    "treasury": 300,
    "production_district_1": "logging_mill",
    "production_district_2": "stone_quarry",
    "production_district_3": "large_farm",
    "specialty_district": "secure_transport",
    "luxury_district": "spice_fields",
    "leaders": [],
    "resource_storage": {
      "food": 11,
      "wood": 10,
      "stone": 10,
      "mounts": 0,
      "research": 0,
      "magic": 2,
      "bronze": 0,
      "iron": 0
    }
  },
  {
    "_id": "67fcd0976b75be3a2d346313",
    "name": "Trade Wind Compact",
    "reputation": "Acceptable",
    "location": "67f2118bdc0e88336011dfa9",
    "treasury": 750,
    "production_district_1": "",
    "production_district_2": "",
    "production_district_3": "",
    "specialty_district": "",
    "luxury_district": "",
    "leaders": [],
    "resource_storage": {
      "food": 0,
      "wood": 0,
      "stone": 0,
      "mounts": 0,
      "research": 0,
      "magic": 0,
      "bronze": 0,
      "iron": 0
    }
  },
  {
    "_id": "6800ac6b4a005e56861a999b",
    "name": "Orchid Island Trading Company",
    "leaders": [],
    "reputation": "Acceptable",
    "location": "67f21ebf609d94b5146136e6",
    "treasury": 500,
    "luxury_district": "",
    "production_district_1": "",
    "production_district_2": "",
    "production_district_3": "",
    "resource_storage": {
      "food": 0,
      "wood": 0,
      "stone": 0,
      "mounts": 0,
      "research": 0,
      "magic": 0,
      "bronze": 0,
      "iron": 0
    },
    "specialty_district": ""
  },
  {
    "_id": "680c6736376dc2bbc45d2d37",
    "name": "Seal Dealers",
    "leaders": [],
    "reputation": "Acceptable",
    "location": "67ef7c0698867826cf796345",
    "treasury": 300
  }
]