[
  {
    "_id": "67ef2fe3096a9b083e2a7619",
    "religion_type": "Monotheistic",
    "conversion_strength": "Weak",
    "aspiration": "Patience",
    "pleasure": "Temperance",
    "empathy": "Compassion",
    "faith": "Devotion",
    "founding_nation": "67e06714d0c984f82323e43c",
    "death": "Defiance",
    "name": "Forgotten Sons",
    "funeral": "Mourning",
    "integrity": "Dignity"
  },
  {
    "_id": "67ef300b096a9b083e2a761b",
    "religion_type": "Agnostic",
    "conversion_strength": "Weak",
    "aspiration": "Ambition",
    "pleasure": "Indulgence",
    "empathy": "Compassion",
    "faith": "Devotion",
    "founding_nation": "67f21c7b9ddc76f881f9e63f",
    "death": "Defiance",
    "name": "Afto\u00ed tis L\u00e1mps\u00eds",
    "funeral": "Celebration",
    "integrity": "Humility",
    "pops": "67f2f982af8ba078d9f5fd80",
    "effect_description": "Flames Stability: All nations with Afto\u00ed tis L\u00e1mps\u00eds as their majority religion gain 4% chance to gain stability per researcher they assign"
  },
  {
    "_id": "67ef3036096a9b083e2a761d",
    "religion_type": "Cult",
    "conversion_strength": "Weak",
    "aspiration": "Ambition",
    "pleasure": "Temperance",
    "empathy": "Strength",
    "faith": "Devotion",
    "founding_nation": "67f22029609d94b5146136f2",
    "death": "Defiance",
    "name": "Albahith Almalika",
    "funeral": "Mourning",
    "integrity": "Humility",
    "pops": "67f3026c362c8771ff2f5754"
  },
  {
    "_id": "67ef5ef5690147f64b5a832b",
    "founding_nation": "67f222df609d94b514613708",
    "name": "Ancestor's Hope",
    "death": "Defiance",
    "faith": "Devotion",
    "religion_type": "Animistic",
    "funeral": "Mourning",
    "aspiration": "Ambition",
    "pleasure": "Temperance",
    "empathy": "Strength",
    "conversion_strength": "Weak",
    "integrity": "Dignity",
    "pops": "67f3077c362c8771ff2f580f"
  },
  {
    "_id": "67ef5f0e690147f64b5a832d",
    "founding_nation": "67ef77d898867826cf79631e",
    "name": "Aphadon",
    "death": "Reverence",
    "faith": "Devotion",
    "religion_type": "Monotheistic",
    "funeral": "Celebration",
    "aspiration": "Patience",
    "pleasure": "Temperance",
    "empathy": "Compassion",
    "conversion_strength": "Weak",
    "integrity": "Humility",
    "effect_description": "Taur Adar's Mercy: All units gain +1 Attack and Defense versus nations that have genocided, displaced, or otherwise treated the follows of Aphadon with cruelty.",
    "pops": "67f30676362c8771ff2f57e1"
  },
  {
    "_id": "67ef5f29690147f64b5a832f",
    "founding_nation": "67f219389ddc76f881f9e625",
    "name": "Arkadian Latrunculorum",
    "death": "Defiance",
    "faith": "Devotion",
    "religion_type": "Monotheistic",
    "funeral": "Mourning",
    "aspiration": "Ambition",
    "pleasure": "Temperance",
    "empathy": "Strength",
    "conversion_strength": "Weak",
    "integrity": "Dignity"
  },
  {
    "_id": "67ef5f4b690147f64b5a8331",
    "founding_nation": "",
    "name": "Belief",
    "death": "Defiance",
    "faith": "Devotion",
    "religion_type": "Cult",
    "funeral": "None",
    "aspiration": "Patience",
    "pleasure": "Temperance",
    "empathy": "Strength",
    "conversion_strength": "Weak",
    "integrity": "Dignity"
  },
  {
    "_id": "67ef5f65690147f64b5a8333",
    "founding_nation": "67ef75be98867826cf796316",
    "name": "Bonn Aytwal Grove",
    "death": "Reverence",
    "faith": "Indifference",
    "religion_type": "Animistic",
    "funeral": "None",
    "aspiration": "Ambition",
    "pleasure": "Indulgence",
    "empathy": "Compassion",
    "conversion_strength": "Weak",
    "integrity": "Dignity",
    "effect_description": "Guardian Spirit: Negative regional events have a slightly decreased chance to occur in areas with a sizeable amount of Bonn Aytwal Grove worshippers.",
    "pops": "67f2dd46af8ba078d9f5fc95"
  },
  {
    "_id": "67ef5f88690147f64b5a8335",
    "founding_nation": "67f22463609d94b514613710",
    "name": "Bumpadumpies",
    "death": "Reverence",
    "faith": "Indifference",
    "religion_type": "Animistic",
    "funeral": "Mourning",
    "aspiration": "Patience",
    "pleasure": "Temperance",
    "empathy": "Compassion",
    "conversion_strength": "Weak",
    "integrity": "Dignity",
    "pops": "67f308fd362c8771ff2f5862"
  },
  {
    "_id": "67ef5fa8690147f64b5a8337",
    "founding_nation": "67ef703c98867826cf796304",
    "name": "Celestiali Sancti",
    "death": "Defiance",
    "faith": "Devotion",
    "religion_type": "Polytheistic",
    "funeral": "Celebration",
    "aspiration": "Ambition",
    "pleasure": "Temperance",
    "empathy": "Compassion",
    "conversion_strength": "Weak",
    "integrity": "Humility",
    "effect_description": "Celestial Patrons: At their creation, characters with this religion may pick a single Celestial god to emulate, granting them a small bonus depending on the patron chosen. \r\nThis cannot be changed throughout their life. The bonuses cannot increase a character's attribute to more than 4.\r\n\r\nRulers recieve both effects, non-rulers only recieve the second\r\nSolari: Slightly increased religious conversion chance & +1 Prowess\r\nLunari: Gain a +1 to all national event rolls & +1 Cunning\r\nCagliari: Chances to passively heal per session increased from 25% to 35% & +1 Charisma",
    "pops": "67f2f7bbaf8ba078d9f5fd55"
  },
  {
    "_id": "67ef5fc4690147f64b5a8339",
    "founding_nation": "67ef712c98867826cf796306",
    "name": "Cheonryeongdo",
    "death": "Reverence",
    "faith": "Indifference",
    "religion_type": "Polytheistic",
    "funeral": "Mourning",
    "aspiration": "Patience",
    "pleasure": "Temperance",
    "empathy": "Compassion",
    "conversion_strength": "Moderate",
    "integrity": "Dignity",
    "effect_description": "Heavenly Riches: For every resource node on a Hazardous tile, receive an extra resource from said tile. If engaged in trade (import/exporting), stability decreases by one.\r\nIf your nation is in an alliance or pact, or has a vassal, your stability decreases by one per session.",
    "pops": [],
    "external_modifiers": [
      {
        "type": "nation",
        "modifier": "resource_node_value",
        "value": 1.0
      },
      {
        "type": "nation",
        "modifier": "stability_loss_chance_per_pact",
        "value": 1.0
      },
      {
        "type": "nation",
        "modifier": "stability_loss_chance_per_trade",
        "value": 1.0
      },
      {
        "type": "nation",
        "modifier": "stability_loss_chance_per_vassal",
        "value": 1.0
      }
    ]
  },
  {
    "_id": "67ef5fe3690147f64b5a833b",
    "founding_nation": "67f218319ddc76f881f9e61d",
    "name": "Children of Gyewas",
    "death": "Reverence",
    "faith": "Indifference",
    "religion_type": "Pantheistic",
    "funeral": "None",
    "aspiration": "Ambition",
    "pleasure": "Indulgence",
    "empathy": "Strength",
    "conversion_strength": "Weak",
    "integrity": "Dignity",
    "pops": "67f2b5ddaf8ba078d9f5fc10"
  },
  {
    "_id": "67ef6005690147f64b5a833d",
    "founding_nation": "",
    "name": "Church of Metamorphosis",
    "death": "Defiance",
    "faith": "Devotion",
    "religion_type": "Cult",
    "funeral": "Celebration",
    "aspiration": "Ambition",
    "pleasure": "Indulgence",
    "empathy": "Strength",
    "conversion_strength": "Weak",
    "integrity": "Dignity"
  },
  {
    "_id": "67ef6024690147f64b5a833f",
    "founding_nation": "67ef6f3c98867826cf796300",
    "name": "Couran Mersamens",
    "death": "Reverence",
    "faith": "Indifference",
    "religion_type": "Agnostic",
    "funeral": "Celebration",
    "aspiration": "Patience",
    "pleasure": "Indulgence",
    "empathy": "Compassion",
    "conversion_strength": "Weak",
    "integrity": "Dignity"
  },
  {
    "_id": "67ef6041690147f64b5a8341",
    "founding_nation": "67f21b869ddc76f881f9e637",
    "name": "Creed of the Martyr",
    "death": "Reverence",
    "faith": "Devotion",
    "religion_type": "Monotheistic",
    "funeral": "Celebration",
    "aspiration": "Patience",
    "pleasure": "Temperance",
    "empathy": "Compassion",
    "conversion_strength": "Weak",
    "integrity": "Humility",
    "pops": "67f1c869f8544b5fac9cf81b"
  },
  {
    "_id": "67ef6063690147f64b5a8343",
    "founding_nation": "67f2179f9ddc76f881f9e619",
    "name": "Crimson Children",
    "death": "Reverence",
    "faith": "Devotion",
    "religion_type": "Cult",
    "funeral": "None",
    "aspiration": "Ambition",
    "pleasure": "Indulgence",
    "empathy": "Compassion",
    "conversion_strength": "Weak",
    "integrity": "Humility",
    "pops": "67f2b3a6af8ba078d9f5fbd7"
  },
  {
    "_id": "67ef6081690147f64b5a8345",
    "founding_nation": "67f21e01609d94b5146136de",
    "name": "Disciples of Tn'kaneid",
    "death": "Reverence",
    "faith": "Devotion",
    "religion_type": "Cult",
    "funeral": "Mourning",
    "aspiration": "Ambition",
    "pleasure": "Temperance",
    "empathy": "Compassion",
    "conversion_strength": "Weak",
    "integrity": "Humility",
    "pops": "67f2f6b5af8ba078d9f5fd41"
  },
  {
    "_id": "67ef6099690147f64b5a8347",
    "founding_nation": "67ef6eba98867826cf7962fe",
    "name": "Divine Tempos",
    "death": "Defiance",
    "faith": "Devotion",
    "religion_type": "Cult",
    "funeral": "None",
    "aspiration": "Ambition",
    "pleasure": "Indulgence",
    "empathy": "Compassion",
    "conversion_strength": "Weak",
    "integrity": "Humility",
    "effect_description": "Rhythms of Creation: Characters of this religion gain slightly increased chances to create, or upgrade artifacts."
  },
  {
    "_id": "67ef60af690147f64b5a8349",
    "founding_nation": "67ef6eba98867826cf7962fe",
    "name": "Divine Symphony",
    "death": "Reverence",
    "faith": "Devotion",
    "religion_type": "Cult",
    "funeral": "Celebration",
    "aspiration": "Ambition",
    "pleasure": "Indulgence",
    "empathy": "Compassion",
    "conversion_strength": "Weak",
    "integrity": "Humility",
    "effect_description": "Symphonic Ingenuity: When crafting, upgrading or recovering a non-mythical artifact (including artifice), if the check is successful always gain 1 additional progress. \r\nHowever, if a natural 1 is rolled while upgrading an artifact, it is instantly lost; if it is rolled while creating a new artifact, it loses half of its progress, rounded up.",
    "pops": "67f2db5faf8ba078d9f5fc62"
  },
  {
    "_id": "67ef60cb690147f64b5a834b",
    "founding_nation": "67f22413609d94b51461370e",
    "name": "Eastern Suns",
    "death": "Defiance",
    "faith": "Indifference",
    "religion_type": "Polytheistic",
    "funeral": "None",
    "aspiration": "Ambition",
    "pleasure": "Temperance",
    "empathy": "Compassion",
    "conversion_strength": "Weak",
    "integrity": "Humility",
    "pops": "67f308b8362c8771ff2f5854"
  },
  {
    "_id": "67ef60e6690147f64b5a834d",
    "founding_nation": "67ef76d298867826cf79631a",
    "name": "Teiknottalistli Konetl",
    "death": "Reverence",
    "faith": "Devotion",
    "religion_type": "Monotheistic",
    "funeral": "Celebration",
    "aspiration": "Patience",
    "pleasure": "Temperance",
    "empathy": "Strength",
    "conversion_strength": "Weak",
    "integrity": "Dignity"
  },
  {
    "_id": "67ef610a690147f64b5a834f",
    "founding_nation": "67ef72db98867826cf79630c",
    "name": "Ethereal Flow",
    "death": "Reverence",
    "faith": "Devotion",
    "religion_type": "Pantheistic",
    "funeral": "Celebration",
    "aspiration": "Patience",
    "pleasure": "Temperance",
    "empathy": "Compassion",
    "conversion_strength": "Moderate",
    "integrity": "Humility",
    "effect_description": "Flow's Reincarnation:  Leaders of this religion gain a +2 in a strength of the previous leader of the player's choice, and a -2 in a weakness of the previous leader of the players choice",
    "pops": [],
    "external_modifiers": []
  },
  {
    "_id": "67ef6126690147f64b5a8351",
    "founding_nation": "67f21d33609d94b5146136d6",
    "name": "Feast Season",
    "death": "Reverence",
    "faith": "Devotion",
    "religion_type": "Philosophy",
    "funeral": "Mourning",
    "aspiration": "Patience",
    "pleasure": "Indulgence",
    "empathy": "Strength",
    "conversion_strength": "Weak",
    "integrity": "Humility",
    "pops": "67f2fab2af8ba078d9f5fd9e"
  },
  {
    "_id": "67ef6142690147f64b5a8353",
    "founding_nation": "67f2220b609d94b514613702",
    "name": "Final Hour",
    "death": "Reverence",
    "faith": "Devotion",
    "religion_type": "Cult",
    "funeral": "Mourning",
    "aspiration": "Ambition",
    "pleasure": "Temperance",
    "empathy": "Strength",
    "conversion_strength": "Weak",
    "integrity": "Dignity",
    "pops": "67f1cdbdf8544b5fac9cf894"
  },
  {
    "_id": "67ef6158690147f64b5a8355",
    "founding_nation": "",
    "name": "Five of Wrion",
    "death": "Defiance",
    "faith": "Indifference",
    "religion_type": "Polytheistic",
    "funeral": "Mourning",
    "aspiration": "Ambition",
    "pleasure": "Indulgence",
    "empathy": "Strength",
    "conversion_strength": "Weak",
    "integrity": "Dignity"
  },
  {
    "_id": "67ef6179690147f64b5a8357",
    "founding_nation": "67f21e91609d94b5146136e4",
    "name": "Gathering of Ilidinis",
    "death": "Defiance",
    "faith": "Devotion",
    "religion_type": "Polytheistic",
    "funeral": "None",
    "aspiration": "Patience",
    "pleasure": "Indulgence",
    "empathy": "Compassion",
    "conversion_strength": "Weak",
    "integrity": "Humility",
    "pops": "67f3060f362c8771ff2f57ce"
  },
  {
    "_id": "67ef6191690147f64b5a8359",
    "founding_nation": "67f21f39609d94b5146136ea",
    "name": "Giowas",
    "death": "Reverence",
    "faith": "Devotion",
    "religion_type": "Monotheistic",
    "funeral": "None",
    "aspiration": "Patience",
    "pleasure": "Temperance",
    "empathy": "Compassion",
    "conversion_strength": "Weak",
    "integrity": "Humility",
    "pops": "67f300ba362c8771ff2f56ec"
  },
  {
    "_id": "67ef61ad690147f64b5a835b",
    "founding_nation": "67f21d75609d94b5146136d8",
    "name": "He Who Eats First",
    "death": "Defiance",
    "faith": "Indifference",
    "religion_type": "Philosophy",
    "funeral": "Celebration",
    "aspiration": "Ambition",
    "pleasure": "Indulgence",
    "empathy": "Strength",
    "conversion_strength": "Weak",
    "integrity": "Dignity",
    "pops": "67f2fb4faf8ba078d9f5fda9"
  },
  {
    "_id": "67ef61cb690147f64b5a835d",
    "founding_nation": "",
    "name": "Homeseekers",
    "death": "Defiance",
    "faith": "Indifference",
    "religion_type": "Agnostic",
    "funeral": "Mourning",
    "aspiration": "Patience",
    "pleasure": "Temperance",
    "empathy": "Strength",
    "conversion_strength": "Moderate",
    "integrity": "Dignity"
  },
  {
    "_id": "67ef61e6690147f64b5a835f",
    "founding_nation": "67ef6d4698867826cf7962fa",
    "name": "Ignis Progressus",
    "death": "Defiance",
    "faith": "Devotion",
    "religion_type": "Cult",
    "funeral": "Mourning",
    "aspiration": "Ambition",
    "pleasure": "Indulgence",
    "empathy": "Compassion",
    "conversion_strength": "Weak",
    "integrity": "Humility",
    "effect_description": "Forward Flame: Gain a +1 bonus to all mech-rp types that you have not yet attempted this age. For example, 'Gathering Wood', 'Reducing tech cost', 'Increasing stability'. \r\nFor the purposes of this ability, variations on mech-rps, such as changing the target to a foreign nation instead of domestic, counts as a different type of mech-rp.",
    "pops": "67f2fdaaaf8ba078d9f5fe1e"
  },
  {
    "_id": "67ef6201690147f64b5a8361",
    "founding_nation": "67ef774c98867826cf79631c",
    "name": "Ikepili",
    "death": "Defiance",
    "faith": "Indifference",
    "religion_type": "Philosophy",
    "funeral": "None",
    "aspiration": "Ambition",
    "pleasure": "Indulgence",
    "empathy": "Strength",
    "conversion_strength": "Weak",
    "integrity": "Dignity",
    "pops": "67f1ca79f8544b5fac9cf84e"
  },
  {
    "_id": "67ef6234690147f64b5a8363",
    "founding_nation": "67f220ae609d94b5146136f6",
    "name": "Jamugha",
    "death": "Reverence",
    "faith": "Devotion",
    "religion_type": "Animistic",
    "funeral": "Celebration",
    "aspiration": "Patience",
    "pleasure": "Temperance",
    "empathy": "Strength",
    "conversion_strength": "Weak",
    "integrity": "Dignity",
    "pops": "67f30252362c8771ff2f574d",
    "effect_description": "Burden of the Living: Characters of this religion may choose to reroll any check once in their lifetime, at the cost of having their health state reduced by one."
  },
  {
    "_id": "67ef624f690147f64b5a8365",
    "founding_nation": "67ef6df198867826cf7962fc",
    "name": "Kalcedonian",
    "death": "Defiance",
    "faith": "Devotion",
    "religion_type": "Polytheistic",
    "funeral": "Mourning",
    "aspiration": "Ambition",
    "pleasure": "Indulgence",
    "empathy": "Strength",
    "conversion_strength": "Weak",
    "integrity": "Dignity",
    "effect_description": "Upon Character creation, pick one of twelve deities to worship.\r\n\r\n1. you cannot select the same deity twice in a row.\r\n\r\n2. when you select a deity, you will get a minor quest associated with an aspect of that deity. failure to complete the quest by the death of the character removes that deity from the selection until all other deities get a turn. failure to complete the quest will also give the nation/organization/faction a small penalty as well.\r\n\r\nThe following deities are as follows:\r\n\r\nApollus: God of the sun, harvest, power and might. (+2 to stab checks)\r\n\r\nTriton: The God of the seas, storms and commerce. (+1 rulership stat)\r\n\r\nUlric: The God of nature, hunting and guardianship. (+1 prowess stat)\r\n\r\nUrsun: The God of the underworld, dreams and magic. (+1 magic stat)\r\n\r\nAnticlea: The god of love, joy and merriment. (+2 to pop growth checks)\r\n\r\nDelphi: God of music, arts, healing and prophecy. (+2 to healing checks)\r\n\r\nDiane: Goddess of the moon, hunting, archery and the wilderness. (+1 attack to ranged units)\r\n\r\nMinerva: Goddess of wisdom and reason, as well as the goddess of both peace and war paradoxically. (+1 strategy stat)\r\n\r\nHermistes: God of travel, thievery, communications and cunning. (+2 to diplo checks)\r\n\r\nCeremeter: Goddess of grain, agriculture, harvest and nourishment. (+1 food)\r\n\r\nMars: The God of courage, war and bloodshed. (+1 attack to melee units)\r\n\r\nHepheaston: The God of craftsman, smithing and invention. (5% cost reduction rounded up for districts)",
    "external_modifiers": []
  },
  {
    "_id": "67ef6265690147f64b5a8367",
    "founding_nation": "67f221a4609d94b5146136fe",
    "name": "Kalvarito",
    "death": "Reverence",
    "faith": "Indifference",
    "religion_type": "Animistic",
    "funeral": "Celebration",
    "aspiration": "Patience",
    "pleasure": "Temperance",
    "empathy": "Compassion",
    "conversion_strength": "Weak",
    "integrity": "Humility",
    "pops": "67f1d05df8544b5fac9cf8c8"
  },
  {
    "_id": "67ef6292690147f64b5a8369",
    "founding_nation": "67f21ef3609d94b5146136e8",
    "name": "Lightseekers",
    "death": "Defiance",
    "faith": "Devotion",
    "religion_type": "Cult",
    "funeral": "Mourning",
    "aspiration": "Ambition",
    "pleasure": "Indulgence",
    "empathy": "Compassion",
    "conversion_strength": "Weak",
    "integrity": "Humility",
    "pops": "67f1bd3294b3bca289eebdd5"
  },
  {
    "_id": "67ef62ac690147f64b5a836b",
    "founding_nation": "67f21a3e9ddc76f881f9e62d",
    "name": "Love All!",
    "death": "Defiance",
    "faith": "Indifference",
    "religion_type": "Philosophy",
    "funeral": "Mourning",
    "aspiration": "Patience",
    "pleasure": "Temperance",
    "empathy": "Compassion",
    "conversion_strength": "Weak",
    "integrity": "Humility",
    "pops": "67f2f6b4af8ba078d9f5fd3f"
  },
  {
    "_id": "67ef62cd690147f64b5a836d",
    "founding_nation": "67ef751998867826cf796314",
    "name": "Mako",
    "death": "Reverence",
    "faith": "Indifference",
    "religion_type": "Animistic",
    "funeral": "None",
    "aspiration": "Ambition",
    "pleasure": "Indulgence",
    "empathy": "Compassion",
    "conversion_strength": "Weak",
    "integrity": "Dignity"
  },
  {
    "_id": "67ef62e9690147f64b5a836f",
    "founding_nation": "67f215f0d3754846a6be80c7",
    "name": "Multidio",
    "death": "Defiance",
    "faith": "Indifference",
    "religion_type": "Pantheistic",
    "funeral": "None",
    "aspiration": "Patience",
    "pleasure": "Temperance",
    "empathy": "Strength",
    "conversion_strength": "Weak",
    "integrity": "Dignity",
    "pops": "67f2b1fdaf8ba078d9f5fbb8"
  },
  {
    "_id": "67ef6301690147f64b5a8371",
    "founding_nation": "67ef73fc98867826cf796310",
    "name": "Northern Obliteration",
    "death": "Defiance",
    "faith": "Devotion",
    "religion_type": "Philosophy",
    "funeral": "Mourning",
    "aspiration": "Ambition",
    "pleasure": "Indulgence",
    "empathy": "Strength",
    "conversion_strength": "Weak",
    "integrity": "Dignity",
    "pops": "67f2f563af8ba078d9f5fd35"
  },
  {
    "_id": "67ef631f690147f64b5a8373",
    "founding_nation": "67ef73fc98867826cf796310",
    "name": "Northern Renewal",
    "death": "Defiance",
    "faith": "Devotion",
    "religion_type": "Philosophy",
    "funeral": "Mourning",
    "aspiration": "Patience",
    "pleasure": "Indulgence",
    "empathy": "Strength",
    "conversion_strength": "Weak",
    "integrity": "Humility",
    "pops": "67f30061362c8771ff2f56db"
  },
  {
    "_id": "67ef634d690147f64b5a8375",
    "founding_nation": "67f218e79ddc76f881f9e623",
    "name": "Order of the Grain",
    "death": "Defiance",
    "faith": "Devotion",
    "religion_type": "Philosophy",
    "funeral": "Mourning",
    "aspiration": "Patience",
    "pleasure": "Temperance",
    "empathy": "Compassion",
    "conversion_strength": "Weak",
    "integrity": "Dignity",
    "pops": "67f2d961af8ba078d9f5fc46"
  },
  {
    "_id": "67ef6368690147f64b5a8377",
    "founding_nation": "67ef764198867826cf796318",
    "name": "Palirroies",
    "death": "Defiance",
    "faith": "Devotion",
    "religion_type": "Polytheistic",
    "funeral": "None",
    "aspiration": "Patience",
    "pleasure": "Indulgence",
    "empathy": "Compassion",
    "conversion_strength": "Moderate",
    "integrity": "Humility"
  },
  {
    "_id": "67ef637f690147f64b5a8379",
    "founding_nation": "",
    "name": "Path of the Green",
    "death": "Reverence",
    "faith": "Devotion",
    "religion_type": "Animistic",
    "funeral": "None",
    "aspiration": "Patience",
    "pleasure": "Indulgence",
    "empathy": "Compassion",
    "conversion_strength": "Weak",
    "integrity": "Humility"
  },
  {
    "_id": "67ef639b690147f64b5a837b",
    "founding_nation": "67ef736898867826cf79630e",
    "name": "Percivious",
    "death": "Reverence",
    "faith": "Indifference",
    "religion_type": "Pantheistic",
    "funeral": "Celebration",
    "aspiration": "Patience",
    "pleasure": "Temperance",
    "empathy": "Compassion",
    "conversion_strength": "Weak",
    "integrity": "Dignity"
  },
  {
    "_id": "67ef63b7690147f64b5a837d",
    "founding_nation": "67f21fcd609d94b5146136ee",
    "name": "Pili Faamate",
    "death": "Defiance",
    "faith": "Indifference",
    "religion_type": "Philosophy",
    "funeral": "None",
    "aspiration": "Ambition",
    "pleasure": "Indulgence",
    "empathy": "Strength",
    "conversion_strength": "Weak",
    "integrity": "Dignity"
  },
  {
    "_id": "67ef63ce690147f64b5a837f",
    "founding_nation": "67f21ebf609d94b5146136e6",
    "name": "Seaspeakers",
    "death": "Reverence",
    "faith": "Devotion",
    "religion_type": "Pantheistic",
    "funeral": "None",
    "aspiration": "Patience",
    "pleasure": "Temperance",
    "empathy": "Strength",
    "conversion_strength": "Weak",
    "integrity": "Dignity",
    "pops": "67f30024362c8771ff2f56cb"
  },
  {
    "_id": "67ef63eb690147f64b5a8381",
    "founding_nation": "67ef749f98867826cf796312",
    "name": "Sigmarianism",
    "death": "Reverence",
    "faith": "Devotion",
    "religion_type": "Pantheistic",
    "funeral": "Celebration",
    "aspiration": "Patience",
    "pleasure": "Temperance",
    "empathy": "Compassion",
    "conversion_strength": "Moderate",
    "integrity": "Dignity",
    "effect_description": "Light of Knowledge: For every 10 + 5 (Per Era) pops following this religion, all nations with it as their majority religion gain +1 Research Points production. Nations that do not have every pop as Sigmarianism have this bonus halved, rounded down. Up to a maximum of +1 per era. (Current: +2)",
    "pops": [],
    "external_modifiers": [
      {
        "type": "nation",
        "modifier": "research_production_if_religously_homogeneous",
        "value": 2
      }
    ]
  },
  {
    "_id": "67ef640a690147f64b5a8383",
    "founding_nation": "67f218659ddc76f881f9e61f",
    "name": "Swampkin",
    "death": "Defiance",
    "faith": "Devotion",
    "religion_type": "Philosophy",
    "funeral": "Celebration",
    "aspiration": "Ambition",
    "pleasure": "Indulgence",
    "empathy": "Strength",
    "conversion_strength": "Weak",
    "integrity": "Dignity",
    "pops": "67f2b646af8ba078d9f5fc12"
  },
  {
    "_id": "67ef6430690147f64b5a8385",
    "founding_nation": "",
    "name": "The Congregation",
    "death": "Defiance",
    "faith": "Indifference",
    "religion_type": "Cult",
    "funeral": "Mourning",
    "aspiration": "Ambition",
    "pleasure": "Temperance",
    "empathy": "Compassion",
    "conversion_strength": "Weak",
    "integrity": "Dignity"
  },
  {
    "_id": "67ef644d690147f64b5a8387",
    "founding_nation": "67f21c319ddc76f881f9e63d",
    "name": "The Eternal Song",
    "death": "Reverence",
    "faith": "Devotion",
    "religion_type": "Pantheistic",
    "funeral": "None",
    "aspiration": "Ambition",
    "pleasure": "Temperance",
    "empathy": "Compassion",
    "conversion_strength": "Weak",
    "integrity": "Humility",
    "pops": "67f1d2e4f8544b5fac9cf8f1"
  },
  {
    "_id": "67ef6460690147f64b5a8389",
    "founding_nation": "67f21f7a609d94b5146136ec",
    "name": "The Goobearer",
    "death": "Defiance",
    "faith": "Devotion",
    "religion_type": "Monotheistic",
    "funeral": "Celebration",
    "aspiration": "Ambition",
    "pleasure": "Indulgence",
    "empathy": "Compassion",
    "conversion_strength": "Weak",
    "integrity": "Dignity",
    "pops": "67f2f4faaf8ba078d9f5fd23"
  },
  {
    "_id": "67ef6478690147f64b5a838b",
    "founding_nation": "67f219f29ddc76f881f9e62b",
    "name": "The Great Hunt",
    "death": "Reverence",
    "faith": "Devotion",
    "religion_type": "Pantheistic",
    "funeral": "None",
    "aspiration": "Ambition",
    "pleasure": "Temperance",
    "empathy": "Strength",
    "conversion_strength": "Weak",
    "integrity": "Dignity",
    "pops": "67f2dd2daf8ba078d9f5fc8b"
  },
  {
    "_id": "67ef649c690147f64b5a838d",
    "founding_nation": "67f2118bdc0e88336011dfa9",
    "name": "The Great Sea Nobles",
    "death": "Reverence",
    "faith": "Devotion",
    "religion_type": "Monotheistic",
    "funeral": "None",
    "aspiration": "Patience",
    "pleasure": "Temperance",
    "empathy": "Compassion",
    "conversion_strength": "Weak",
    "integrity": "Dignity",
    "pops": "67f2dea9af8ba078d9f5fcd0"
  },
  {
    "_id": "67ef64ba690147f64b5a838f",
    "founding_nation": "67f21aac9ddc76f881f9e631",
    "name": "The Illudite Conspiracy",
    "death": "Reverence",
    "faith": "Devotion",
    "religion_type": "Cult",
    "funeral": "Mourning",
    "aspiration": "Patience",
    "pleasure": "Temperance",
    "empathy": "Compassion",
    "conversion_strength": "Strong",
    "integrity": "Humility",
    "pops": "67f2de00af8ba078d9f5fc9e"
  },
  {
    "_id": "67ef64d2690147f64b5a8391",
    "founding_nation": "67f2230c609d94b51461370a",
    "name": "The Pacifiers",
    "death": "Reverence",
    "faith": "Devotion",
    "religion_type": "Cult",
    "funeral": "Mourning",
    "aspiration": "Ambition",
    "pleasure": "Temperance",
    "empathy": "Strength",
    "conversion_strength": "Weak",
    "integrity": "Humility",
    "pops": "67f307aa362c8771ff2f581f"
  },
  {
    "_id": "67ef64ea690147f64b5a8393",
    "founding_nation": "67f22071609d94b5146136f4",
    "name": "The Protectors",
    "death": "Defiance",
    "faith": "Devotion",
    "religion_type": "Philosophy",
    "funeral": "None",
    "aspiration": "Patience",
    "pleasure": "Temperance",
    "empathy": "Compassion",
    "conversion_strength": "Weak",
    "integrity": "Humility",
    "pops": "67f302cf362c8771ff2f575b"
  },
  {
    "_id": "67ef6506690147f64b5a8395",
    "founding_nation": "67f21e55609d94b5146136e2",
    "name": "The Sands",
    "death": "Reverence",
    "faith": "Devotion",
    "religion_type": "Cult",
    "funeral": "Celebration",
    "aspiration": "Ambition",
    "pleasure": "Indulgence",
    "empathy": "Compassion",
    "conversion_strength": "Weak",
    "integrity": "Humility",
    "pops": "67f2fd31af8ba078d9f5fe14",
    "effect_description": "Golden Reincarnation: Rulers of The Sands may, once per age, gain the memories of all previous Shahs. Once this has been done, their next roll gains the following benefits:\r\n\u2022 Has a critical effect on an 18-20\r\n\u2022 Adds a 1d4 to the roll, 2d4 if the previous Shah had the attribute in use as a Strength."
  },
  {
    "_id": "67ef6523690147f64b5a8397",
    "founding_nation": "67ef725298867826cf79630a",
    "name": "The Tn'ecist Cult",
    "death": "Reverence",
    "faith": "Devotion",
    "religion_type": "Cult",
    "funeral": "Celebration",
    "aspiration": "Patience",
    "pleasure": "Temperance",
    "empathy": "Compassion",
    "conversion_strength": "Moderate",
    "integrity": "Dignity",
    "effect_description": "\"Blessings of Tn'kaneid: Once per session the rulers of The Tn'ecist Cult reroll nat 1's, and must always take the new result.\"",
    "external_modifiers": [],
    "pops": []
  },
  {
    "_id": "67ef6542690147f64b5a8399",
    "founding_nation": "67f21ff9609d94b5146136f0",
    "name": "Tolay Speakers",
    "death": "Defiance",
    "faith": "Indifference",
    "religion_type": "Monotheistic",
    "funeral": "Mourning",
    "aspiration": "Ambition",
    "pleasure": "Indulgence",
    "empathy": "Strength",
    "conversion_strength": "Weak",
    "integrity": "Dignity",
    "pops": "67f3048c362c8771ff2f57a8",
    "effect_description": "Ruthless Upbringing: Characters with this religion suffer a -2 on all checks using either of their Weakness attributes, and a +1 on all checks that don't."
  },
  {
    "_id": "67ef655f690147f64b5a839b",
    "founding_nation": "67f217e99ddc76f881f9e61b",
    "name": "Toma's Chosen",
    "death": "Defiance",
    "faith": "Devotion",
    "religion_type": "Cult",
    "funeral": "Celebration",
    "aspiration": "Ambition",
    "pleasure": "Indulgence",
    "empathy": "Strength",
    "conversion_strength": "Weak",
    "integrity": "Dignity",
    "pops": "67f2b523af8ba078d9f5fbf2",
    "effect_description": "Eat, or be Eaten: When characters of this religion were to die, they may instead choose to suffer a permenent -1 to all rolls, and instead be reduced to Bedridden. This may occur once per character."
  },
  {
    "_id": "67ef6573690147f64b5a839d",
    "founding_nation": "67f218af9ddc76f881f9e621",
    "name": "Treat me how I treat you",
    "death": "Defiance",
    "faith": "Devotion",
    "religion_type": "Philosophy",
    "funeral": "None",
    "aspiration": "Ambition",
    "pleasure": "Temperance",
    "empathy": "Compassion",
    "conversion_strength": "Weak",
    "integrity": "Humility"
  },
  {
    "_id": "67ef6588690147f64b5a839f",
    "founding_nation": "67ef784498867826cf796320",
    "name": "Trianta Thamin",
    "death": "Defiance",
    "faith": "Devotion",
    "religion_type": "Pantheistic",
    "funeral": "Celebration",
    "aspiration": "Ambition",
    "pleasure": "Indulgence",
    "empathy": "Compassion",
    "conversion_strength": "Weak",
    "integrity": "Dignity"
  },
  {
    "_id": "67ef65a3690147f64b5a83a1",
    "founding_nation": "67f219789ddc76f881f9e627",
    "name": "Twin Pallors",
    "death": "Defiance",
    "faith": "Devotion",
    "religion_type": "Philosophy",
    "funeral": "Mourning",
    "aspiration": "Ambition",
    "pleasure": "Temperance",
    "empathy": "Strength",
    "conversion_strength": "Strong",
    "integrity": "Dignity",
    "pops": "67f2dcaaaf8ba078d9f5fc81",
    "effect_description": "Twin Unity: Once per session, after failing a mech-rp, you may choose to reroll with moderately increased chances of success. \r\nBefore this may be used again, you must willingly cause a mech-rp to suffer dramatically decreased chances of success."
  },
  {
    "_id": "67ef65be690147f64b5a83a3",
    "founding_nation": "67f221e5609d94b514613700",
    "name": "Urn\u2019conan",
    "death": "Defiance",
    "faith": "Devotion",
    "religion_type": "Polytheistic",
    "funeral": "Celebration",
    "aspiration": "Ambition",
    "pleasure": "Temperance",
    "empathy": "Compassion",
    "conversion_strength": "Weak",
    "integrity": "Dignity",
    "pops": "67f30611362c8771ff2f57d0"
  },
  {
    "_id": "67ef65d9690147f64b5a83a5",
    "founding_nation": "67ef71c898867826cf796308",
    "name": "Veridorma Elennu",
    "death": "Defiance",
    "faith": "Indifference",
    "religion_type": "Polytheistic",
    "funeral": "Mourning",
    "aspiration": "Patience",
    "pleasure": "Indulgence",
    "empathy": "Compassion",
    "conversion_strength": "Weak",
    "integrity": "Humility",
    "effect_description": "Desperate Help: When attempting to convert a nation who is Underfed or Starving, gain slightly increased chances of success. \r\nAdditionally, gain slightly increased chances of success when converting nations at war",
    "pops": "67f2df37af8ba078d9f5fce0"
  },
  {
    "_id": "67ef65ed690147f64b5a83a7",
    "founding_nation": "67f21b399ddc76f881f9e635",
    "name": "Voorutajad",
    "death": "Defiance",
    "faith": "Devotion",
    "religion_type": "Cult",
    "funeral": "None",
    "aspiration": "Ambition",
    "pleasure": "Temperance",
    "empathy": "Strength",
    "conversion_strength": "Weak",
    "integrity": "Dignity",
    "pops": "67f2f9e5af8ba078d9f5fd8e"
  },
  {
    "_id": "67ef6605690147f64b5a83a9",
    "founding_nation": "67f22261609d94b514613704",
    "name": "Where Has It Gone",
    "death": "Defiance",
    "faith": "Indifference",
    "religion_type": "Agnostic",
    "funeral": "None",
    "aspiration": "Patience",
    "pleasure": "Temperance",
    "empathy": "Strength",
    "conversion_strength": "Weak",
    "integrity": "Humility",
    "pops": "67f2f501af8ba078d9f5fd29"
  },
  {
    "_id": "67ef661c690147f64b5a83ab",
    "founding_nation": "67ef6fbf98867826cf796302",
    "name": "Zu Xun",
    "death": "Reverence",
    "faith": "Devotion",
    "religion_type": "Polytheistic",
    "funeral": "Celebration",
    "aspiration": "Ambition",
    "pleasure": "Indulgence",
    "empathy": "Strength",
    "conversion_strength": "Weak",
    "integrity": "Humility"
  },
  {
    "_id": "67ef7a6398867826cf79633b",
    "pleasure": "Temperance",
    "conversion_strength": "Weak",
    "death": "Reverence",
    "aspiration": "Patience",
    "name": "Chromayah",
    "faith": "Devotion",
    "founding_nation": "67ef7f0fe311e8b3699a1b1e",
    "religion_type": "Cult",
    "integrity": "Dignity",
    "empathy": "Strength",
    "funeral": "Celebration",
    "pops": "67f1d546f8544b5fac9cf914"
  },
  {
    "_id": "67ef7a9a98867826cf79633d",
    "pleasure": "Temperance",
    "conversion_strength": "Weak",
    "death": "Defiance",
    "aspiration": "Patience",
    "name": "The Spirits' Guidance",
    "faith": "Devotion",
    "founding_nation": "",
    "religion_type": "Polytheistic",
    "integrity": "Dignity",
    "empathy": "Compassion",
    "funeral": "None"
  },
  {
    "_id": "67ef7ab498867826cf79633f",
    "pleasure": "Temperance",
    "conversion_strength": "Weak",
    "death": "Reverence",
    "aspiration": "Ambition",
    "name": "Vertnamat",
    "faith": "Devotion",
    "founding_nation": "67ef81f6e311e8b3699a1b24",
    "religion_type": "Philosophy",
    "integrity": "Dignity",
    "empathy": "Strength",
    "funeral": "Celebration",
    "pops": "67f1d764f8544b5fac9cf944"
  },
  {
    "_id": "67ef7b4298867826cf796343",
    "pleasure": "Temperance",
    "conversion_strength": "Weak",
    "death": "Reverence",
    "aspiration": "Patience",
    "name": "Britannism",
    "faith": "Devotion",
    "founding_nation": "67ef7c0698867826cf796345",
    "religion_type": "Monotheistic",
    "integrity": "Humility",
    "empathy": "Compassion",
    "funeral": "Mourning",
    "pops": "67f1d7a5f8544b5fac9cf95c"
  },
  {
    "_id": "67f0b6b084cf1dc0bf4ffb3b",
    "death": "Reverence",
    "founding_nation": "67f0b7b784cf1dc0bf4ffb3d",
    "funeral": "Celebration",
    "empathy": "Compassion",
    "faith": "Devotion",
    "conversion_strength": "Weak",
    "pleasure": "Temperance",
    "name": "Skapandi",
    "integrity": "Humility",
    "religion_type": "Polytheistic",
    "aspiration": "Patience"
  },
  {
    "_id": "67f1c706f8544b5fac9cf7ea",
    "funeral": "None",
    "founding_nation": "",
    "faith": "None",
    "empathy": "None",
    "pleasure": "None",
    "integrity": "None",
    "name": "Temp Manlaago Fronds Religion",
    "conversion_strength": "None",
    "religion_type": "Monotheistic",
    "death": "None",
    "aspiration": "None",
    "effect_description": "",
    "external_modifiers": [],
    "pops": []
  },
  {
    "_id": "67f2167dd3754846a6be80ce",
    "religion_type": "Monotheistic",
    "founding_nation": "67f216a6d3754846a6be80d0",
    "name": "Al'Trox",
    "death": "Defiance",
    "pleasure": "Indulgence",
    "funeral": "None",
    "faith": "Devotion",
    "conversion_strength": "None",
    "empathy": "Compassion",
    "aspiration": "Ambition",
    "integrity": "Humility",
    "pops": "67f2b176af8ba078d9f5fbb2"
  },
  {
    "_id": "67f8afcbdadac9e77c5a7fde",
    "name": "Heliostis",
    "founding_nation": "67f8b215dadac9e77c5a7fe9",
    "religion_type": "Monotheistic",
    "conversion_strength": "Moderate",
    "faith": "Devotion",
    "integrity": "Dignity",
    "empathy": "Strength",
    "death": "Defiance",
    "pleasure": "Indulgence",
    "aspiration": "Ambition",
    "funeral": "Mourning",
    "effect_description": ""
  },
  {
    "_id": "67f8b00bdadac9e77c5a7fe0",
    "name": "Cult of Vorrak",
    "founding_nation": "67f8b0f7dadac9e77c5a7fe6",
    "religion_type": "Cult",
    "conversion_strength": "Moderate",
    "faith": "Devotion",
    "integrity": "Dignity",
    "empathy": "Strength",
    "death": "Defiance",
    "pleasure": "Indulgence",
    "aspiration": "Ambition",
    "funeral": "Celebration",
    "effect_description": ""
  },
  {
    "_id": "6801e3fffb8bef2a70c3613c",
    "name": "Praveda",
    "founding_nation": "",
    "religion_type": "Monotheistic",
    "conversion_strength": "None",
    "faith": "None",
    "integrity": "None",
    "empathy": "None",
    "death": "None",
    "pleasure": "None",
    "aspiration": "None",
    "funeral": "None",
    "effect_description": "",
    "external_modifiers": [],
    "pops": []
  },
  {
    "_id": "6801e406fb8bef2a70c3613e",
    "name": "Nuriyya\u2019s Path",
    "founding_nation": "",
    "religion_type": "Monotheistic",
    "conversion_strength": "None",
    "faith": "None",
    "integrity": "None",
    "empathy": "None",
    "death": "None",
    "pleasure": "None",
    "aspiration": "None",
    "funeral": "None",
    "effect_description": "",
    "external_modifiers": [],
    "pops": []
  },
  {
    "_id": "6801e40efb8bef2a70c36140",
    "name": "Cult of the Voice",
    "founding_nation": "",
    "religion_type": "Monotheistic",
    "conversion_strength": "None",
    "faith": "None",
    "integrity": "None",
    "empathy": "None",
    "death": "None",
    "pleasure": "None",
    "aspiration": "None",
    "funeral": "None",
    "effect_description": "",
    "external_modifiers": [],
    "pops": []
  },
  {
    "_id": "6801e416fb8bef2a70c36142",
    "name": "The Great One",
    "founding_nation": "",
    "religion_type": "Monotheistic",
    "conversion_strength": "None",
    "faith": "None",
    "integrity": "None",
    "empathy": "None",
    "death": "None",
    "pleasure": "None",
    "aspiration": "None",
    "funeral": "None",
    "effect_description": "",
    "external_modifiers": [],
    "pops": []
  },
  {
    "_id": "6801e41cfb8bef2a70c36144",
    "name": "J\u012bq\u00ec Cult",
    "founding_nation": "",
    "religion_type": "Monotheistic",
    "conversion_strength": "None",
    "faith": "None",
    "integrity": "None",
    "empathy": "None",
    "death": "None",
    "pleasure": "None",
    "aspiration": "None",
    "funeral": "None",
    "effect_description": "",
    "external_modifiers": [],
    "pops": []
  },
  {
    "_id": "6801e421fb8bef2a70c36146",
    "name": "V\u00e9ttrtr\u00fa",
    "founding_nation": "",
    "religion_type": "Monotheistic",
    "conversion_strength": "None",
    "faith": "None",
    "integrity": "None",
    "empathy": "None",
    "death": "None",
    "pleasure": "None",
    "aspiration": "None",
    "funeral": "None",
    "effect_description": "",
    "external_modifiers": [],
    "pops": []
  },
  {
    "_id": "6801e427fb8bef2a70c36148",
    "name": "Traditionalist Sigmarianism",
    "founding_nation": "",
    "religion_type": "Monotheistic",
    "conversion_strength": "None",
    "faith": "None",
    "integrity": "None",
    "empathy": "None",
    "death": "None",
    "pleasure": "None",
    "aspiration": "None",
    "funeral": "None",
    "effect_description": "",
    "external_modifiers": [],
    "pops": []
  },
  {
    "_id": "6801e42dfb8bef2a70c3614b",
    "name": "Shizen no Baransu",
    "founding_nation": "",
    "religion_type": "Monotheistic",
    "conversion_strength": "None",
    "faith": "None",
    "integrity": "None",
    "empathy": "None",
    "death": "None",
    "pleasure": "None",
    "aspiration": "None",
    "funeral": "None",
    "effect_description": "",
    "external_modifiers": [],
    "pops": []
  },
  {
    "_id": "6801e433fb8bef2a70c3614d",
    "name": "\u00c9clatisme",
    "founding_nation": "",
    "religion_type": "Monotheistic",
    "conversion_strength": "None",
    "faith": "None",
    "integrity": "None",
    "empathy": "None",
    "death": "None",
    "pleasure": "None",
    "aspiration": "None",
    "funeral": "None",
    "effect_description": "",
    "external_modifiers": [],
    "pops": []
  },
  {
    "_id": "6801e439fb8bef2a70c3614f",
    "name": "Light of Luzianismo",
    "founding_nation": "",
    "religion_type": "Monotheistic",
    "conversion_strength": "None",
    "faith": "None",
    "integrity": "None",
    "empathy": "None",
    "death": "None",
    "pleasure": "None",
    "aspiration": "None",
    "funeral": "None",
    "effect_description": "",
    "external_modifiers": [],
    "pops": []
  },
  {
    "_id": "6801e43ffb8bef2a70c36151",
    "name": "Luminismo",
    "founding_nation": "",
    "religion_type": "Monotheistic",
    "conversion_strength": "None",
    "faith": "None",
    "integrity": "None",
    "empathy": "None",
    "death": "None",
    "pleasure": "None",
    "aspiration": "None",
    "funeral": "None",
    "effect_description": "",
    "external_modifiers": [],
    "pops": []
  },
  {
    "_id": "6801e445fb8bef2a70c36153",
    "name": "The Vision",
    "founding_nation": "",
    "religion_type": "Monotheistic",
    "conversion_strength": "None",
    "faith": "None",
    "integrity": "None",
    "empathy": "None",
    "death": "None",
    "pleasure": "None",
    "aspiration": "None",
    "funeral": "None",
    "effect_description": "",
    "external_modifiers": [],
    "pops": []
  },
  {
    "_id": "6801e44cfb8bef2a70c36155",
    "name": "Spirit of the Ancient Ones",
    "founding_nation": "",
    "religion_type": "Monotheistic",
    "conversion_strength": "None",
    "faith": "None",
    "integrity": "None",
    "empathy": "None",
    "death": "None",
    "pleasure": "None",
    "aspiration": "None",
    "funeral": "None",
    "effect_description": "",
    "external_modifiers": [],
    "pops": []
  },
  {
    "_id": "6801e450fb8bef2a70c36157",
    "name": "Negedawi",
    "founding_nation": "",
    "religion_type": "Monotheistic",
    "conversion_strength": "None",
    "faith": "None",
    "integrity": "None",
    "empathy": "None",
    "death": "None",
    "pleasure": "None",
    "aspiration": "None",
    "funeral": "None",
    "effect_description": "",
    "external_modifiers": [],
    "pops": []
  },
  {
    "_id": "6801e457fb8bef2a70c36159",
    "name": "Rahnur\u2019s Blessed",
    "founding_nation": "",
    "religion_type": "Monotheistic",
    "conversion_strength": "None",
    "faith": "None",
    "integrity": "None",
    "empathy": "None",
    "death": "None",
    "pleasure": "None",
    "aspiration": "None",
    "funeral": "None",
    "effect_description": "",
    "external_modifiers": [],
    "pops": []
  },
  {
    "_id": "6801e460fb8bef2a70c3615b",
    "name": "Divine Knowledge",
    "founding_nation": "",
    "religion_type": "Monotheistic",
    "conversion_strength": "None",
    "faith": "None",
    "integrity": "None",
    "empathy": "None",
    "death": "None",
    "pleasure": "None",
    "aspiration": "None",
    "funeral": "None",
    "effect_description": "",
    "external_modifiers": [],
    "pops": []
  },
  {
    "_id": "6801e466fb8bef2a70c3615d",
    "name": "Tamizhvali Fields",
    "founding_nation": "",
    "religion_type": "Monotheistic",
    "conversion_strength": "None",
    "faith": "None",
    "integrity": "None",
    "empathy": "None",
    "death": "None",
    "pleasure": "None",
    "aspiration": "None",
    "funeral": "None",
    "effect_description": "",
    "external_modifiers": [],
    "pops": []
  },
  {
    "_id": "6801e46bfb8bef2a70c3615f",
    "name": "The Star Temples",
    "founding_nation": "",
    "religion_type": "Monotheistic",
    "conversion_strength": "None",
    "faith": "None",
    "integrity": "None",
    "empathy": "None",
    "death": "None",
    "pleasure": "None",
    "aspiration": "None",
    "funeral": "None",
    "effect_description": "",
    "external_modifiers": [],
    "pops": []
  },
  {
    "_id": "6801e471fb8bef2a70c36161",
    "name": "Mountain of the Ancestors",
    "founding_nation": "",
    "religion_type": "Monotheistic",
    "conversion_strength": "None",
    "faith": "None",
    "integrity": "None",
    "empathy": "None",
    "death": "None",
    "pleasure": "None",
    "aspiration": "None",
    "funeral": "None",
    "effect_description": "",
    "external_modifiers": [],
    "pops": []
  },
  {
    "_id": "6801e476fb8bef2a70c36163",
    "name": "Harmonious Discord",
    "founding_nation": "",
    "religion_type": "Monotheistic",
    "conversion_strength": "None",
    "faith": "None",
    "integrity": "None",
    "empathy": "None",
    "death": "None",
    "pleasure": "None",
    "aspiration": "None",
    "funeral": "None",
    "effect_description": "",
    "external_modifiers": [],
    "pops": []
  },
  {
    "_id": "6801e47cfb8bef2a70c36165",
    "name": "Re-Atenwa",
    "founding_nation": "",
    "religion_type": "Monotheistic",
    "conversion_strength": "None",
    "faith": "None",
    "integrity": "None",
    "empathy": "None",
    "death": "None",
    "pleasure": "None",
    "aspiration": "None",
    "funeral": "None",
    "effect_description": "",
    "external_modifiers": [],
    "pops": []
  },
  {
    "_id": "6801e482fb8bef2a70c36167",
    "name": "Soul of the Reindeer",
    "founding_nation": "",
    "religion_type": "Monotheistic",
    "conversion_strength": "None",
    "faith": "None",
    "integrity": "None",
    "empathy": "None",
    "death": "None",
    "pleasure": "None",
    "aspiration": "None",
    "funeral": "None",
    "effect_description": "",
    "external_modifiers": [],
    "pops": []
  },
  {
    "_id": "6801e486fb8bef2a70c36169",
    "name": "Sirr al-Ruh",
    "founding_nation": "",
    "religion_type": "Monotheistic",
    "conversion_strength": "None",
    "faith": "None",
    "integrity": "None",
    "empathy": "None",
    "death": "None",
    "pleasure": "None",
    "aspiration": "None",
    "funeral": "None",
    "effect_description": "",
    "external_modifiers": [],
    "pops": []
  },
  {
    "_id": "6801e48cfb8bef2a70c3616b",
    "name": "Sinarjati",
    "founding_nation": "",
    "religion_type": "Monotheistic",
    "conversion_strength": "None",
    "faith": "None",
    "integrity": "None",
    "empathy": "None",
    "death": "None",
    "pleasure": "None",
    "aspiration": "None",
    "funeral": "None",
    "effect_description": "",
    "external_modifiers": [],
    "pops": []
  },
  {
    "_id": "6801e491fb8bef2a70c3616d",
    "name": "Intipa \u00d1an",
    "founding_nation": "",
    "religion_type": "Monotheistic",
    "conversion_strength": "None",
    "faith": "None",
    "integrity": "None",
    "empathy": "None",
    "death": "None",
    "pleasure": "None",
    "aspiration": "None",
    "funeral": "None",
    "effect_description": "",
    "external_modifiers": [],
    "pops": []
  },
  {
    "_id": "6801e496fb8bef2a70c3616f",
    "name": "Jachvinik\u2019s Sacred Order",
    "founding_nation": "",
    "religion_type": "Monotheistic",
    "conversion_strength": "None",
    "faith": "None",
    "integrity": "None",
    "empathy": "None",
    "death": "None",
    "pleasure": "None",
    "aspiration": "None",
    "funeral": "None",
    "effect_description": "",
    "external_modifiers": [],
    "pops": []
  },
  {
    "_id": "6801e49efb8bef2a70c36171",
    "name": "Drevotrud\u2019s Musk",
    "founding_nation": "",
    "religion_type": "Monotheistic",
    "conversion_strength": "None",
    "faith": "None",
    "integrity": "None",
    "empathy": "None",
    "death": "None",
    "pleasure": "None",
    "aspiration": "None",
    "funeral": "None",
    "effect_description": "",
    "external_modifiers": [],
    "pops": []
  },
  {
    "_id": "6801e4a5fb8bef2a70c36173",
    "name": "Zemi-Oluk\u00fa",
    "founding_nation": "",
    "religion_type": "Monotheistic",
    "conversion_strength": "None",
    "faith": "None",
    "integrity": "None",
    "empathy": "None",
    "death": "None",
    "pleasure": "None",
    "aspiration": "None",
    "funeral": "None",
    "effect_description": "",
    "external_modifiers": [],
    "pops": []
  },
  {
    "_id": "6801e4aafb8bef2a70c36175",
    "name": "Color of Truth",
    "founding_nation": "",
    "religion_type": "Monotheistic",
    "conversion_strength": "None",
    "faith": "None",
    "integrity": "None",
    "empathy": "None",
    "death": "None",
    "pleasure": "None",
    "aspiration": "None",
    "funeral": "None",
    "effect_description": "",
    "external_modifiers": [],
    "pops": []
  },
  {
    "_id": "6801e4b0fb8bef2a70c36177",
    "name": "The Gate of Heaven",
    "founding_nation": "",
    "religion_type": "Monotheistic",
    "conversion_strength": "None",
    "faith": "None",
    "integrity": "None",
    "empathy": "None",
    "death": "None",
    "pleasure": "None",
    "aspiration": "None",
    "funeral": "None",
    "effect_description": "",
    "external_modifiers": [],
    "pops": []
  },
  {
    "_id": "6801e4b5fb8bef2a70c36179",
    "name": "Ulenvet",
    "founding_nation": "",
    "religion_type": "Monotheistic",
    "conversion_strength": "None",
    "faith": "None",
    "integrity": "None",
    "empathy": "None",
    "death": "None",
    "pleasure": "None",
    "aspiration": "None",
    "funeral": "None",
    "effect_description": "",
    "external_modifiers": [],
    "pops": []
  },
  {
    "_id": "6801e4bafb8bef2a70c3617b",
    "name": "Avlekutu",
    "founding_nation": "",
    "religion_type": "Monotheistic",
    "conversion_strength": "None",
    "faith": "None",
    "integrity": "None",
    "empathy": "None",
    "death": "None",
    "pleasure": "None",
    "aspiration": "None",
    "funeral": "None",
    "effect_description": "",
    "external_modifiers": [],
    "pops": []
  },
  {
    "_id": "6801e4bffb8bef2a70c3617d",
    "name": "Zaphari Winds",
    "founding_nation": "",
    "religion_type": "Monotheistic",
    "conversion_strength": "None",
    "faith": "None",
    "integrity": "None",
    "empathy": "None",
    "death": "None",
    "pleasure": "None",
    "aspiration": "None",
    "funeral": "None",
    "effect_description": "",
    "external_modifiers": [],
    "pops": []
  }
]